client,delivery_document,object_created_by,entry_time,record_created_on,sales_district,shipping_receiving_point,sales_organization,delivery_type_lfart,complete_delivery_defined_sales_order,order_combination_indicator,planned_goods_movement_date,loading_date,transportation_planning_date,delivery_date,picking_date,unloading_point,incoterms_part_1,incoterms_part_2,export_indicator,route,billing_block,delivery_block,document_category,customer_factory_calendar,tpqua,tpgrp,delivery_priority,shipping_conditions,competitor,sold_to_party,customer_group,stzkl,stzzu,total_weight,net_weight,weight_unit,volume,volume_unit,total_number_of_packages_in_delivery,picked_items_location,time_of_delivery,weight_group_for_delivery,loading_point,transportation_group,proposed_billing_type,billing_date,invoice_date,route_2,update_group_for_statistics_update,pricing_procedure,number_of_document_condition,document_currency,sales_office,shipping_processing_time,combination_criteria_for_delivery,distribution_delivery,communication_number_api_interface,statistics_currency,exchange_rate_for_statistics,number_of_foreign_trade_data,changed_by,changed_on,warehouse_number,split_to_warehouse_number,sales_organization_for_intercompany_billing,distribution_channel_for_intercompany_billing,division_for_intercompany_billing,billing_type_for_intercompany_billing,date_for_intercompany_billing,billing_date_for_intercompany_billing,customer_number_for_intercompany_billing,credit_control_area,customer_account_number_with_credit_limit,customer_credit_group,credit_representative_group,credit_management_risk_category,currency_key,credit_value_released,bill_of_lading,vendor_account_number,means_of_transport_type,means_of_transport_id,document_release_date,next_date,goods_receipt_slip_number,document_date_in_document,actual_goods_movement_date,shipment_blocking_reason,external_transport_system_id,external_identification_of_delivery_note,order_number,search_procedure_batch,correction_delivery,shipping_pricing_procedure,number_of_document_condition__pricing,net_value_order_item,route_schedule,plant,internal_financial_document_number,payment_guarantee_procedure,picking_time,transp_planning_time,loading_time,goods_issue_time_wauhr,door_for_warehouse_number,staging_area_for_warehouse_complex,currency_key_for_letter_of_credit,exchange_rate,depreciation_percentage,dangerous_goods_management_profile,reference_document_number,international_unique_key,time_segment_exists,event_group_time_segment_delivery_header,time_zone_of_delivering_location,time_zone_of_recipient_location,dangerous_goods_indicator,distribution_delivery_original_system,controlling_goods_movement_indicator,distribution_status_vlstk,transaction_code,shipping_type,means_of_transport_trmtyp,special_processing_indicator,company_id,calculation_of_val_open,automatic_to_creation_immediately_after_tr_generation,production_supply_area,delivery_type_folar,date_proof_of_delivery,confirmation_time,number_of_delivery_items,delivery_has_status_in_plant,document_deletion_indicator,sequence_of_intermediate_locations_in_returns_process,delivery_confirmation_status,shipment_information_status,asn_is_cancelled_flag,goods_issue_time_spe_wauhr_ist,time_zone,distribution_status_spe_rev_vlstk,scenario_logistic_execution,original_system_type,last_changers_system_type,description_of_a_geographical_route,route_change_indicator,carrier_change_indicator,goods_traffic_type,route_code_for_sap_global_trade_services,release_time_stamp,measurement_unit_system,invoice_creation_before_goods_issue,status_of_quality_inspection_for_returns_deliveries,spe_indicator_if_redirecting_has_occured,storage_status_of_delivery,type_of_external_identification,means_of_transport_spe_ttype,progressive_identification_number,akkreditiv_guid,ewm_billing_indicator,description_of_print_profile,advanced_returns_management_active,confirmation_number,temporary_change_of_storage_locations_in_delivery,control_key_for_document_transfer,delivery_split_initiator,delivery_version,physical_handover_of_goods_location,handover_date_at_handover_location,handover_time_at_handover_location,time_zone_of_handover_location,incoterms_version,incoterms_location_1,incoterms_location_2,loading_units,number_category_1,number_category_2,number_category_3,number_category_4,loading_sequence_number_in_the_tour,multi_level_goods_receipt_automotive,rfid_flag,is_quarantined
100,74013257,Q003508,1900-01-01 17:12:53,2013-01-12 6:00:00,,5031,1000,LB,,,2017-02-23 6:00:00,2013-01-14 6:00:00,2013-01-14 6:00:00,2013-01-14 6:00:00,2013-01-14 6:00:00,,,,,,,,J,,,,2,M,60000634,,,0,0,0,0,,0,,0,,1900-01-01 6:00:00,10,,1,F2,2017-02-23 6:00:00,,,,Z10000,,,,0,1000,,,USD,1,,ZDJ0066,2017-02-23 6:00:00,,,,,,,,1900-01-01 6:00:00,,,,,,,,0,,1010298,,,1900-01-01 6:00:00,1900-01-01 6:00:00,,2013-01-12 6:00:00,1900-01-01 6:00:00,,,,,,,,,0,,,,,1900-01-01 6:00:00,1900-01-01 6:00:00,1900-01-01 6:00:00,1900-01-01 6:00:00,,,,0,0,,,051MhW8E7kANcsaUmvTB1G,X,,PST,PST,,,I,,ME2O,,,CANC,,,,,,1900-01-01 6:00:00,1900-01-01 6:00:00,0,,,,,,,1900-01-01 6:00:00,,,,,,,,,,,0,,,,,,,,,0,,,,0,,,,0,,1900-01-01 6:00:00,1900-01-01 6:00:00,,,,,0,0,0,0,0,0,,,FALSE
100,80451526,Q003507,1900-01-01 20:51:55,2014-01-22 6:00:00,,5031,1000,LB,,,2017-02-23 6:00:00,2014-02-07 6:00:00,2014-02-07 6:00:00,2014-02-07 6:00:00,2014-02-07 6:00:00,,,,,,,,J,,,,2,M,60000634,,,0,0,0,0,,0,,43,,1900-01-01 6:00:00,10,,1,F2,2017-02-23 6:00:00,,,,Z10000,,,,0,1000,,,USD,1,,ZDJ0066,2017-02-23 6:00:00,,,,,,,,1900-01-01 6:00:00,,,,,,,,0,,1010298,,,1900-01-01 6:00:00,1900-01-01 6:00:00,,2014-01-22 6:00:00,1900-01-01 6:00:00,,,,,,,,,0,,,,,1900-01-01 6:00:00,1900-01-01 6:00:00,1900-01-01 6:00:00,1900-01-01 6:00:00,,,,0,0,,,051MhZJP7kEWzE2H3rMP20,X,,PST,PST,,,I,,ME2O,,,CANC,,,,,,1900-01-01 6:00:00,1900-01-01 6:00:00,0,,,,,,,1900-01-01 6:00:00,,,,,,,,,,,0,,,,,,,,,0,,,,0,,,,0,,1900-01-01 6:00:00,1900-01-01 6:00:00,,,,,0,0,0,0,0,0,,,FALSE
100,81198623,ZTI0001,1900-01-01 20:27:36,2016-11-02 5:00:00,,5053,1000,RL,,,2016-11-02 5:00:00,2016-11-02 5:00:00,2016-11-02 5:00:00,2016-11-02 5:00:00,2016-11-02 5:00:00,,,,X,1 DAY,,,J,,,,0,M,60001216,,,0,0,1020,1020,LB,85680,IN3,1,,1900-01-01 6:00:00,9999,,1,F2,2016-11-03 5:00:00,,,,Z10000,,USD,,0,1000,,,USD,1,211717,ZDD0034,2016-11-03 5:00:00,119,,,,,,,1900-01-01 6:00:00,,,,,,,,0,TINA,,,,1900-01-01 6:00:00,1900-01-01 6:00:00,,2016-11-02 5:00:00,2016-11-03 5:00:00,,,dispose per vendor,,,,,,0,,,,,1900-01-01 6:00:00,1900-01-01 6:00:00,1900-01-01 6:00:00,1900-01-01 6:00:00,D10,,,0,0,,,051MhZJM7jQefaqBxrOL{m,X,,EST,EST,,,I,,VL10X,,,,,,,,,1900-01-01 6:00:00,1900-01-01 6:00:00,0,,,,,,,1900-01-01 6:00:00,,,,,,,,,,,0,,,,,,,,,0,,,,0,,,,0,,1900-01-01 6:00:00,1900-01-01 6:00:00,,,,,0,0,0,0,0,0,,,FALSE
100,81266025,ZTR0170,1900-01-01 18:22:32,2017-02-22 6:00:00,,4626,1000,RLL,,,2017-02-22 6:00:00,2017-02-22 6:00:00,2017-02-22 6:00:00,2017-02-22 6:00:00,2017-02-22 6:00:00,,,,,,,,J,,,,0,M,60007656,,,0,0,44000,44000,LB,1100,IN3,0,,1900-01-01 6:00:00,9999,,1,F2,2017-02-22 6:00:00,,,,Z10000,,,,0,1000,,,USD,1,,ZTR0170,2017-02-22 6:00:00,307,,,,,,,1900-01-01 6:00:00,,,,,,,,0,305518,3054161,,,1900-01-01 6:00:00,1900-01-01 6:00:00,,2017-02-13 6:00:00,2017-02-22 6:00:00,,,187053434,,,,,,0,,,,,1900-01-01 6:00:00,1900-01-01 6:00:00,1900-01-01 6:00:00,1900-01-01 6:00:00,,,,0,0,,,051MhZJL7kQ{fNmKdePn6W,X,,CST,CST,,,I,,MIGO,,,,,,,,,1900-01-01 6:00:00,1900-01-01 6:00:00,0,,,,,,,1900-01-01 6:00:00,,,,,,,,,,,0,,,,,,,,,0,,,,0,,,,0,,1900-01-01 6:00:00,1900-01-01 6:00:00,,,,,0,0,0,0,0,0,,,FALSE
100,82037467,ZJW3076,1900-01-01 15:12:10,2020-05-26 5:00:00,,4765,1000,Z6,,,2020-05-28 5:00:00,2020-05-28 5:00:00,2020-05-28 5:00:00,2020-05-29 5:00:00,2020-05-28 5:00:00,,DFP,Destination,,1 DAY,,,J,,,,0,ZZ,4287,,,0,0,42199.74,38610,LB,2997.72,FT3,30,,1900-01-01 21:00:00,9999,,1,F2,2020-05-26 5:00:00,,1 DAY,,Z10000,,USD,,0,1000,,,USD,1,,ZAJ3038,2020-05-27 5:00:00,,,,,,,,1900-01-01 6:00:00,,,,,,,,0,,,,,1900-01-01 6:00:00,1900-01-01 6:00:00,,2020-05-26 5:00:00,2020-05-26 5:00:00,,,,,,,,,0,,4287,,,1900-01-01 22:00:00,1900-01-01 22:00:00,1900-01-01 22:00:00,1900-01-01 22:00:00,,,,0,0,,4503146598,051MhZJJ7jgdwrnsp4lOMW,,,CST,UTC-6,,,I,,VL10X,,,,,,,,,1900-01-01 6:00:00,1900-01-01 6:00:00,0,,,,,,,1900-01-01 6:00:00,,,,,,,,,,,0,,,,,,,,,0,,,,0,,,,0,,1900-01-01 6:00:00,1900-01-01 6:00:00,,,,,0,0,0,0,0,0,,,FALSE
100,82068315,ZMD0095,1900-01-01 11:57:13,2020-07-07 5:00:00,,2105,1000,Z3,,,2020-10-19 5:00:00,2020-10-19 5:00:00,2020-07-15 5:00:00,2020-11-05 6:00:00,2020-10-19 5:00:00,,DFP,Destination,,17 DAY,,,J,,,,0,R,3876,,,0,0,0,0,,0,,72,,1900-01-01 21:00:00,10,,1,F2,2020-10-19 5:00:00,,17 DAY,,Z10000,,USD,,0,1000,,,USD,1,,ZMD0095,2020-09-25 5:00:00,,,,,,,,1900-01-01 6:00:00,,,,,,,,0,,,,,1900-01-01 6:00:00,1900-01-01 6:00:00,,2020-07-07 5:00:00,1900-01-01 6:00:00,,,,,,,,,0,,3876,,,1900-01-01 6:00:00,1900-01-01 19:00:00,1900-01-01 19:00:00,1900-01-01 19:00:00,,,,0,0,,4503164947,051MhZJM7jgmY1Eg4YlhEm,,,PST,CST,,,I,,VL10X,,,,,,,,,1900-01-01 6:00:00,1900-01-01 6:00:00,0,,,,,,,1900-01-01 6:00:00,,,,,,,,,,,0,,,,,,,,,0,,,,0,,,,0,,1900-01-01 6:00:00,1900-01-01 6:00:00,,,,,0,0,0,0,0,0,,,FALSE
100,82074242,ZCM0124,1900-01-01 21:38:39,2020-07-13 5:00:00,,2163,1000,NL,,,2020-08-13 5:00:00,2020-08-13 5:00:00,2020-08-11 5:00:00,2020-08-14 5:00:00,2020-08-13 5:00:00,,DFP,Destination,,1 DAY,,,J,,,,0,M,3451,,,0,0,47760,47760,LB,1760624.64,IN3,0,,1900-01-01 6:00:00,9999,,1,F2,2020-08-13 5:00:00,,1 DAY,,Z10000,,USD,,0,1000,,,USD,1,,Q007903,2020-08-14 5:00:00,,,,,,,,1900-01-01 6:00:00,,,,,,,,0,,,,,1900-01-01 6:00:00,1900-01-01 6:00:00,,2020-07-13 5:00:00,2020-08-13 5:00:00,,,,,,,,,0,,3451,,,1900-01-01 6:00:00,1900-01-01 6:00:00,1900-01-01 6:00:00,1900-01-01 6:00:00,,,,0,0,,3335831,051MhZJK7jgngHgeMVQJVW,,YMIGDLV,CST,CST,,,I,,VL10X,,,,,,,,,1900-01-01 6:00:00,1900-01-01 6:00:00,0,,,,,,,1900-01-01 6:00:00,,,,,,,,,,,0,,,,,,,,,0,,,,0,,,,0,,1900-01-01 6:00:00,1900-01-01 6:00:00,,,,,0,0,0,0,0,0,,,FALSE
100,82075124,CA_UNICENTER,1900-01-01 20:19:02,2020-07-13 5:00:00,,2100,1000,RL,,,2020-07-13 5:00:00,2020-07-13 5:00:00,2020-07-13 5:00:00,2020-07-13 5:00:00,2020-07-13 5:00:00,,,,,0 DAY,,,J,,,,0,M,60003400,,,0,0,0,0,,0,,0,,1900-01-01 6:00:00,,,1,F2,2020-07-24 5:00:00,,,,Z10000,,USD,,0,1000,,,USD,1,,ZDT0113,2020-07-24 5:00:00,101,,,,,,,1900-01-01 6:00:00,,,,,,,,0,MST202950QCHOLD4679 RECYCLE,,,,1900-01-01 6:00:00,1900-01-01 6:00:00,,2020-07-13 5:00:00,2020-07-24 5:00:00,,,MST202950QCHOLD4679 RECYCLE,,,,,,0,,,,,1900-01-01 6:00:00,1900-01-01 6:00:00,1900-01-01 6:00:00,1900-01-01 6:00:00,P22,PS22,,0,0,,,051MhZJP7kgnfxQzPzn6C0,,,EST,CST,,,I,,,,,,,,,,,1900-01-01 6:00:00,1900-01-01 6:00:00,0,,,,,,,1900-01-01 6:00:00,,,,,,,,,,,0,,,,,,,,,0,,,,0,,,,0,,1900-01-01 6:00:00,1900-01-01 6:00:00,,,,,0,0,0,0,0,0,,,FALSE
100,82077566,CA_UNICENTER,1900-01-01 11:20:25,2020-07-23 5:00:00,,4253,1000,Z1,,,2020-07-29 5:00:00,2020-07-29 5:00:00,2020-07-23 5:00:00,2020-08-03 5:00:00,2020-07-29 5:00:00,,DFP,Destination,,4 DAY,,,J,,,,0,M,3123,,,0,0,38312.04,32293.36,LB,2782.8,FT3,30,,1900-01-01 21:00:00,9999,,1,F2,2020-08-01 5:00:00,,4 DAY,,Z10000,,USD,,0,1000,,,USD,1,,ZRA0262,2020-08-18 5:00:00,146,,,,,,,1900-01-01 6:00:00,,,,,,,,0,,,,,1900-01-01 6:00:00,1900-01-01 6:00:00,,2020-07-23 5:00:00,2020-08-01 5:00:00,,,,,,,,,0,,3123,,,1900-01-01 6:00:00,1900-01-01 23:00:00,1900-01-01 23:00:00,1900-01-01 23:00:00,D06,,,0,0,,4503187322,051MhZJJ7kgpcSFl4R1rZG,,,CST,PST,,,I,,,,,,,,,,,1900-01-01 6:00:00,1900-01-01 6:00:00,0,,,,,,,1900-01-01 6:00:00,,,,,,,,,,,0,,,,,,,,,0,,,,0,,,,0,,1900-01-01 6:00:00,1900-01-01 6:00:00,,,,,0,0,0,0,0,0,,,FALSE
100,82077741,CA_UNICENTER,1900-01-01 11:21:00,2020-07-20 5:00:00,,4700,1000,Z6,,,2020-07-20 5:00:00,2020-07-20 5:00:00,2020-07-20 5:00:00,2020-07-21 5:00:00,2020-07-20 5:00:00,,DFP,Destination,,1 DAY,,,J,,,,0,ZZ,4287,,,0,0,39432.69,38798.892,LB,2437.182,FT3,27,,1900-01-01 10:21:00,9999,,1,F2,2020-07-22 5:00:00,,1 DAY,,Z10000,,USD,,0,1000,,,USD,1,,ZAJ3038,2020-07-22 5:00:00,,,,,,,,1900-01-01 6:00:00,,,,,,,,0,,,,,1900-01-01 6:00:00,1900-01-01 6:00:00,,2020-07-20 5:00:00,2020-07-22 5:00:00,,,,,,,,,0,,4287,,,1900-01-01 11:21:00,1900-01-01 11:21:00,1900-01-01 11:21:00,1900-01-01 11:21:00,,,,0,0,,4503183191,051MhZJQ7jgopbR6a86MBW,,,CST,UTC-6,,,I,,,,,,,,,,,1900-01-01 6:00:00,1900-01-01 6:00:00,0,,,,,,,1900-01-01 6:00:00,,,,,,,,,,,0,,,,,,,,,0,,,,0,,,,0,,1900-01-01 6:00:00,1900-01-01 6:00:00,,,,,0,0,0,0,0,0,,,FALSE
100,82077977,CA_UNICENTER,1900-01-01 11:20:49,2020-07-24 5:00:00,,4281,1000,Z1,,,2020-07-27 5:00:00,2020-07-27 5:00:00,2020-07-24 5:00:00,2020-07-29 5:00:00,2020-07-27 5:00:00,,DFP,Destination,,2 DAY,,,J,,,,0,M,3926,,,0,0,43653.6,29656.8,LB,897.84,FT3,18,,1900-01-01 21:00:00,9999,,1,F2,2020-07-28 5:00:00,,2 DAY,,Z10000,,USD,,0,1000,,,USD,1,,CA_UNICENTER,2020-07-29 5:00:00,,,,,,,,1900-01-01 6:00:00,,,,,,,,0,105595079N,,,,1900-01-01 6:00:00,1900-01-01 6:00:00,,2020-07-24 5:00:00,2020-07-28 5:00:00,,,,,,,,,0,,3926,,,1900-01-01 21:00:00,1900-01-01 21:00:00,1900-01-01 21:00:00,1900-01-01 21:00:00,,,,0,0,,4503184578,051MhZJQ7jgpikiHLJ2oH0,,,EST,EST,,,I,,,,,,1000,,,,,1900-01-01 6:00:00,1900-01-01 6:00:00,0,,,,,,,1900-01-01 6:00:00,,,,,,,,,,,0,,,,,,,,,0,,,,0,,,,0,,1900-01-01 6:00:00,1900-01-01 6:00:00,,,,,0,0,0,0,0,0,,,FALSE
100,82078009,CA_UNICENTER,1900-01-01 23:45:02,2020-07-25 5:00:00,,3880,1000,Z1,,,2020-07-27 5:00:00,2020-07-27 5:00:00,2020-07-25 5:00:00,2020-07-29 5:00:00,2020-07-27 5:00:00,,DFP,Destination,,2 DAY,,,J,,,,0,M,3752,,,0,0,26317,18477.5,LB,3040.8,FT3,60,,1900-01-01 23:45:04,9999,,1,F2,2020-07-27 5:00:00,,2 DAY,,Z10000,,USD,,0,1000,,,USD,1,,CA_UNICENTER,2020-07-27 5:00:00,,,,,,,,1900-01-01 6:00:00,,,,,,,,0,4503187175,,,,1900-01-01 6:00:00,1900-01-01 6:00:00,,2020-07-25 5:00:00,2020-07-27 5:00:00,,,,,,,,,0,,3752,,,1900-01-01 23:45:04,1900-01-01 23:45:02,1900-01-01 23:45:04,1900-01-01 23:45:04,,,,0,0,,4503187175,051MhZJQ7kgpsG{OiHz3yW,,,CST,CST,,,I,,,,,,,,,,,1900-01-01 6:00:00,1900-01-01 6:00:00,0,,,,,,,1900-01-01 6:00:00,,,,,,,,,,,0,,,,,,,,,0,,,,0,,,,0,,1900-01-01 6:00:00,1900-01-01 6:00:00,,,,,0,0,0,0,0,0,,,FALSE
100,82078030,CA_UNICENTER,1900-01-01 11:20:49,2020-07-27 5:00:00,,4281,1000,Z1,,,2020-07-29 5:00:00,2020-07-29 5:00:00,2020-07-27 5:00:00,2020-07-31 5:00:00,2020-07-29 5:00:00,,DFP,Destination,,2 DAY,,,J,,,,0,M,2100,,,0,0,39912,27240,LB,900.96,FT3,60,,1900-01-01 21:00:00,9999,,1,F2,2020-07-30 5:00:00,,2 DAY,,Z10000,,USD,,0,1000,,,USD,1,,ZTZ0010,2020-07-31 5:00:00,,,,,,,,1900-01-01 6:00:00,,,,,,,,0,105597579N,,,,1900-01-01 6:00:00,1900-01-01 6:00:00,,2020-07-27 5:00:00,2020-07-30 5:00:00,,,,,,,,,0,,2100,,,1900-01-01 21:00:00,1900-01-01 21:00:00,1900-01-01 21:00:00,1900-01-01 21:00:00,,,,0,0,,4503184585,051MhZJQ7kgp}bhpBgbK4m,,,EST,EST,,,I,,,,,,,,,,,1900-01-01 6:00:00,1900-01-01 6:00:00,0,,,,,,,1900-01-01 6:00:00,,,,,,,,,,,0,,,,,,,,,0,,,,0,,,,0,,1900-01-01 6:00:00,1900-01-01 6:00:00,,,,,0,0,0,0,0,0,,,FALSE
100,82078034,CA_UNICENTER,1900-01-01 11:20:49,2020-07-27 5:00:00,,4281,1000,Z1,,,2020-07-29 5:00:00,2020-07-29 5:00:00,2020-07-27 5:00:00,2020-07-31 5:00:00,2020-07-29 5:00:00,,DFP,Destination,,2 DAY,,,J,,,,0,M,3926,,,0,0,43596,27180,LB,897.84,FT3,18,,1900-01-01 21:00:00,9999,,1,F2,2020-07-30 5:00:00,,2 DAY,,Z10000,,USD,,0,1000,,,USD,1,,CA_UNICENTER,2020-07-31 5:00:00,,,,,,,,1900-01-01 6:00:00,,,,,,,,0,105594083N,,,,1900-01-01 6:00:00,1900-01-01 6:00:00,,2020-07-27 5:00:00,2020-07-30 5:00:00,,,,,,,,,0,,3926,,,1900-01-01 21:00:00,1900-01-01 21:00:00,1900-01-01 21:00:00,1900-01-01 21:00:00,,,,0,0,,4503184609,051MhZJQ7kgp}bhpBghK4m,,,EST,EST,,,I,,,,,,1000,,,,,1900-01-01 6:00:00,1900-01-01 6:00:00,0,,,,,,,1900-01-01 6:00:00,,,,,,,,,,,0,,,,,,,,,0,,,,0,,,,0,,1900-01-01 6:00:00,1900-01-01 6:00:00,,,,,0,0,0,0,0,0,,,FALSE
100,82079075,ZTS0176,1900-01-01 23:29:43,2020-07-21 5:00:00,,2103,1000,Z2,,,2020-08-05 5:00:00,2020-08-05 5:00:00,2020-08-03 5:00:00,2020-08-13 5:00:00,2020-08-05 5:00:00,,DFP,Destination,,8 DAY,,,J,,,,0,X,3878,,,0,0,42660,36180,LB,2711.988,FT3,54,,1900-01-01 21:00:00,9999,,1,F2,2020-08-05 5:00:00,,8 DAY,,Z10000,,USD,,0,1000,,,USD,1,,YJW0020,2020-08-05 5:00:00,107,,,,,,,1900-01-01 6:00:00,,,,,,,,0,,,,,1900-01-01 6:00:00,1900-01-01 6:00:00,,2020-07-21 5:00:00,2020-08-05 5:00:00,,,,,,,,,0,,3878,,,1900-01-01 23:00:00,1900-01-01 22:59:58,1900-01-01 23:00:00,1900-01-01 23:00:00,W09,,,0,0,,4503186094,051MhZJK7kgoz3Nh0MEVzm,,,CST,PST,,,I,,VL10X,,,,,,,,,1900-01-01 6:00:00,1900-01-01 6:00:00,0,,,,,,,1900-01-01 6:00:00,,,,,,,,,,,0,,,,,,,,,0,,,,0,,,,0,,1900-01-01 6:00:00,1900-01-01 6:00:00,,,,,0,0,0,0,0,0,,,FALSE
100,82080577,CA_UNICENTER,1900-01-01 11:19:01,2020-07-24 5:00:00,,2102,1000,Z1,,,2020-07-28 5:00:00,2020-07-28 5:00:00,2020-07-24 5:00:00,2020-07-30 5:00:00,2020-07-28 5:00:00,,DFP,Destination,,2 DAY,,,J,,,,0,M,3926,,,0,0,43470.756,38965.5,LB,918.36,FT3,18,,1900-01-01 21:00:00,9999,,1,F2,2020-07-30 5:00:00,,2 DAY,,Z10000,,USD,,0,1000,,,USD,1,,CA_UNICENTER,2020-07-31 5:00:00,108,,,,,,,1900-01-01 6:00:00,,,,,,,,0,,,,,1900-01-01 6:00:00,1900-01-01 6:00:00,,2020-07-24 5:00:00,2020-07-30 5:00:00,,,,,,,,,0,,3926,,,1900-01-01 21:00:00,1900-01-01 21:00:00,1900-01-01 21:00:00,1900-01-01 21:00:00,W20,STAGE20F,,0,0,,4503184974,051MhZQ67kgpikCTbcshpG,,,EST,EST,,,I,,,,,,1000,,,,,1900-01-01 6:00:00,1900-01-01 6:00:00,0,,,,,,,1900-01-01 6:00:00,,,,,,,,,,,0,,,,,,,,,0,,,,0,,,,0,,1900-01-01 6:00:00,1900-01-01 6:00:00,,,,,0,0,0,0,0,0,,,FALSE
100,82080827,ZDH3023,1900-01-01 13:19:48,2020-07-21 5:00:00,,2100,1000,Z1,,,2020-07-25 5:00:00,2020-07-25 5:00:00,2020-07-23 5:00:00,2020-07-27 5:00:00,2020-07-25 5:00:00,,DFP,Destination,,2 DAY,,,J,,,,0,M,3880,,,0,0,14330.4,11630.4,LB,3229.2,FT3,60,,1900-01-01 21:00:00,9999,,1,F2,2020-07-27 5:00:00,,2 DAY,,Z10000,,USD,,0,1000,,,USD,1,,ZAM0103,2020-07-27 5:00:00,101,,,,,,,1900-01-01 6:00:00,,,,,,,,0,,,,,1900-01-01 6:00:00,1900-01-01 6:00:00,,2020-07-21 5:00:00,2020-07-27 5:00:00,,,,,,,,,0,,3880,,,1900-01-01 22:00:00,1900-01-01 21:59:58,1900-01-01 22:00:00,1900-01-01 22:00:00,S38,SS38,,0,0,,4503185711,051MhZJL7kgowOyI4OVP50,,,EST,CST,,,I,,VL10X,,,,1000,,,,,1900-01-01 6:00:00,1900-01-01 6:00:00,0,,,,,,,1900-01-01 6:00:00,,,,,,,,,,,0,,,,,,,,,0,,,,0,,,,0,,1900-01-01 6:00:00,1900-01-01 6:00:00,,,,,0,0,0,0,0,0,,,FALSE
100,82081177,CA_UNICENTER,1900-01-01 11:21:15,2020-07-22 5:00:00,,5016,1000,Z1,,,2020-10-23 5:00:00,2020-10-23 5:00:00,2020-07-22 5:00:00,2020-10-25 5:00:00,2020-10-23 5:00:00,,DFP,Destination,,217780,,,J,,,,0,M,3894,,,0,0,16469.04,12432,LB,1091.16,FT3,42,,1900-01-01 21:00:00,9999,,1,F2,2020-10-23 5:00:00,,217780,,Z10000,,USD,,0,1000,,,USD,1,,CA_UNICENTER,2020-10-27 5:00:00,,,,,,,,1900-01-01 6:00:00,,,,,,,,0,,,,,1900-01-01 6:00:00,1900-01-01 6:00:00,,2020-07-22 5:00:00,2020-10-23 5:00:00,,,,,,,,,0,,3894,,,1900-01-01 21:00:00,1900-01-01 21:00:00,1900-01-01 21:00:00,1900-01-01 21:00:00,,,,0,0,,4503177746,051MhZJK7kgpWA9hpdTHwW,,,CST,CST,,,I,,,,,,1000,,,,,1900-01-01 6:00:00,1900-01-01 6:00:00,0,,,,,,,1900-01-01 6:00:00,,,,,,,,,,,0,,,,,,,,,0,,,,0,,,,0,,1900-01-01 6:00:00,1900-01-01 6:00:00,,,,,0,0,0,0,0,0,,,FALSE
100,82081430,CA_UNICENTER,1900-01-01 23:47:42,2020-07-26 5:00:00,,4237,1000,Z2,,,2020-07-30 5:00:00,2020-07-30 5:00:00,2020-07-28 5:00:00,2020-08-03 5:00:00,2020-07-30 5:00:00,,DFP,Destination,,3 DAY,,,J,,,,0,X,4233,,,0,0,29911,26908,LB,2583.42,FT3,28,,1900-01-01 6:00:00,9999,,1,F2,2020-07-31 5:00:00,,3 DAY,,Z10000,,USD,,0,1000,,,USD,1,,CA_UNICENTER,2020-08-03 5:00:00,,,,,,,,1900-01-01 6:00:00,,,,,,,,0,03491001056038725,,,,1900-01-01 6:00:00,1900-01-01 6:00:00,,2020-07-26 5:00:00,2020-07-31 5:00:00,,,,,,,,,0,,4233,,,1900-01-02 5:00:00,1900-01-02 5:00:00,1900-01-02 5:00:00,1900-01-02 5:00:00,,,,0,0,,4503189382,051MhZJK7jgpya2OTvE8qG,,,CST,EST,,,I,,,,,,,,,,,1900-01-01 6:00:00,1900-01-01 6:00:00,0,,,,,,,1900-01-01 6:00:00,,,,,,,,,,,0,,,,,,,,,0,,,,0,,,,0,,1900-01-01 6:00:00,1900-01-01 6:00:00,,,,,0,0,0,0,0,0,,,FALSE
100,82081567,ZTS0176,1900-01-01 22:11:17,2020-07-27 5:00:00,,2119,1000,Z2,,,2020-08-03 5:00:00,2020-08-03 5:00:00,2020-07-30 5:00:00,2020-08-07 5:00:00,2020-08-03 5:00:00,,DFP,Destination,,4 DAY,,,J,,,,0,X,3926,,,0,0,42262.722,36571.5,LB,1835.541,FT3,43,,1900-01-01 21:00:00,9999,,1,F2,2020-08-03 5:00:00,,4 DAY,,Z10000,,USD,,0,1000,,,USD,1,,CA_UNICENTER,2020-08-07 5:00:00,102,,,,,,,1900-01-01 6:00:00,,,,,,,,0,,,,,1900-01-01 6:00:00,1900-01-01 6:00:00,,2020-07-27 5:00:00,2020-08-03 5:00:00,,,,,,,,,0,,3926,,,1900-01-01 20:00:00,1900-01-01 19:59:00,1900-01-01 20:00:00,1900-01-01 20:00:00,D12,,,0,0,,4503189694,051MhZJK7kgqYRSQzmW6XG,,,CST,EST,,,I,,VL10X,,,,1000,,,,,1900-01-01 6:00:00,1900-01-01 6:00:00,0,,,,,,,1900-01-01 6:00:00,,,,,,,,,,,0,,,,,,,,,0,,,,0,,,,0,,1900-01-01 6:00:00,1900-01-01 6:00:00,,,,,0,0,0,0,0,0,,,FALSE
100,82081761,CA_UNICENTER,1900-01-01 23:42:23,2020-07-23 5:00:00,,4238,1000,Z1,,,2020-07-28 5:00:00,2020-07-28 5:00:00,2020-07-24 5:00:00,2020-07-30 5:00:00,2020-07-28 5:00:00,,DFP,Destination,,2 DAY,,,J,,,,0,M,4246,,,0,0,35608.2,29700,LB,2413.95,FT3,30,,1900-01-01 21:00:00,9999,,1,F2,2020-07-28 5:00:00,,2 DAY,,Z10000,,USD,,0,1000,,,USD,1,,CA_UNICENTER,2020-08-03 5:00:00,,,,,,,,1900-01-01 6:00:00,,,,,,,,0,03491001055995265,,,,1900-01-01 6:00:00,1900-01-01 6:00:00,,2020-07-23 5:00:00,2020-07-28 5:00:00,,,,,,,,,0,,4246,,,1900-01-01 21:00:00,1900-01-01 21:00:00,1900-01-01 21:00:00,1900-01-01 21:00:00,,,,0,0,,4503188481,051MhZJP7jgpfhZHINc1uG,,,EST,CST,,,I,,,,,,,,,,,1900-01-01 6:00:00,1900-01-01 6:00:00,0,,,,,,,1900-01-01 6:00:00,,,,,,,,,,,0,,,,,,,,,0,,,,0,,,,0,,1900-01-01 6:00:00,1900-01-01 6:00:00,,,,,0,0,0,0,0,0,,,FALSE
100,82081790,CA_UNICENTER,1900-01-01 11:19:01,2020-07-24 5:00:00,,2101,1000,Z1,,,2020-07-28 5:00:00,2020-07-28 5:00:00,2020-07-24 5:00:00,2020-07-29 5:00:00,2020-07-28 5:00:00,,DFP,Destination,,1 DAY,,,J,,,,0,M,3876,,,0,0,42949.616,37910,LB,1013.88,FT3,17,,1900-01-01 21:00:00,9999,,1,F2,2020-07-31 5:00:00,,1 DAY,,Z10000,,USD,,0,1000,,,USD,1,,ZBG0111,2020-07-31 5:00:00,125,,,,,,,1900-01-01 6:00:00,,,,,,,,0,,,,,1900-01-01 6:00:00,1900-01-01 6:00:00,,2020-07-24 5:00:00,2020-07-31 5:00:00,,,,,,,,,0,,3876,,,1900-01-01 22:00:00,1900-01-01 22:00:00,1900-01-01 22:00:00,1900-01-01 22:00:00,D08,ST08,,0,0,,4503188553,051MhZJP7kgpikCTe3enTG,,,EST,CST,,,I,,,,,,,,,,,1900-01-01 6:00:00,1900-01-01 6:00:00,0,,,,,,,1900-01-01 6:00:00,,,,,,,,,,,0,,,,,,,,,0,,,,0,,,,0,,1900-01-01 6:00:00,1900-01-01 6:00:00,,,,,0,0,0,0,0,0,,,FALSE
100,82082425,CA_UNICENTER,1900-01-02 0:14:50,2020-07-25 5:00:00,,3878,1000,Z1,,,2020-07-28 5:00:00,2020-07-28 5:00:00,2020-07-25 5:00:00,2020-07-29 5:00:00,2020-07-28 5:00:00,,DFP,Destination,,251420,,,J,,,,0,M,3877,,,0,0,45099.304,38752,LB,1082.154,FT3,19,,1900-01-01 22:14:52,9999,,1,F2,2020-07-28 5:00:00,,251420,,Z10000,,USD,,0,1000,,,USD,1,,CA_UNICENTER,2020-07-28 5:00:00,,,,,,,,1900-01-01 6:00:00,,,,,,,,0,4503184654,,,,1900-01-01 6:00:00,1900-01-01 6:00:00,,2020-07-25 5:00:00,2020-07-28 5:00:00,,,,,,,,,0,,3877,,,1900-01-01 22:14:52,1900-01-01 22:14:50,1900-01-01 22:14:52,1900-01-01 22:14:52,,,,0,0,,4503184654,051MhZJM7kgpsPHyK1PozW,,,PST,PST,,,I,,,,,,,,,,,1900-01-01 6:00:00,1900-01-01 6:00:00,0,,,,,,,1900-01-01 6:00:00,,,,,,,,,,,0,,,,,,,,,0,,,,0,,,,0,,1900-01-01 6:00:00,1900-01-01 6:00:00,,,,,0,0,0,0,0,0,,,FALSE
100,82082523,ZMA0314,1900-01-01 15:42:54,2020-07-27 5:00:00,,5494,1000,Z6,,,2020-07-29 5:00:00,2020-07-29 5:00:00,2020-07-27 5:00:00,2020-07-30 5:00:00,2020-07-29 5:00:00,,DFP,"FOB Dest, Frt Prepaid",,1 DAY,,,J,,,,0,ZZ,5651,,,0,0,24340.436,20018.05,LB,2174.47,FT3,28,,1900-01-01 6:00:00,9999,,1,F2,2020-07-27 5:00:00,,1 DAY,,Z10000,,USD,,0,1000,,,USD,1,,CA_UNICENTER,2020-07-27 5:00:00,138,,,,,,,1900-01-01 6:00:00,,,,,,,,0,,,,,1900-01-01 6:00:00,1900-01-01 6:00:00,,2020-07-27 5:00:00,2020-07-27 5:00:00,,,,,,,,,0,,5651,,,1900-01-01 6:00:00,1900-01-01 6:00:00,1900-01-01 6:00:00,1900-01-01 6:00:00,1,,,0,0,,4503189513,051MhZJM7jgqWkwKz64MTm,,,CST,CST,,,I,,VL10X,,,,1000,,,,,1900-01-01 6:00:00,1900-01-01 6:00:00,0,,,,,,,1900-01-01 6:00:00,,,,,,,,,,,0,,,,,,,,,0,,,,0,,,,0,,1900-01-01 6:00:00,1900-01-01 6:00:00,,,,,0,0,0,0,0,0,,,FALSE
100,82082772,CA_UNICENTER,1900-01-01 11:21:04,2020-07-24 5:00:00,,5231,1000,Z1,,,2020-07-28 5:00:00,2020-07-28 5:00:00,2020-07-24 5:00:00,2020-07-29 5:00:00,2020-07-28 5:00:00,,DFP,Destination,,1 DAY,,,J,,,,0,M,2100,,,0,0,38780.71,32366.5,LB,889.238,FT3,1,,1900-01-01 21:00:00,9999,,1,F2,2020-07-31 5:00:00,,1 DAY,,Z10000,,USD,,0,1000,,,USD,1,,ZSS3025,2020-07-31 5:00:00,,,,,,,,1900-01-01 6:00:00,,,,,,,,0,,,,,1900-01-01 6:00:00,1900-01-01 6:00:00,,2020-07-24 5:00:00,2020-07-31 5:00:00,,,,,,,,,0,,2100,,,1900-01-01 21:00:00,1900-01-01 21:00:00,1900-01-01 21:00:00,1900-01-01 21:00:00,,,,0,0,,4503188680,051MhZJO7kgpikmf9aFsa0,,,EST,EST,,,I,,,,,,,,,,,1900-01-01 6:00:00,1900-01-01 6:00:00,0,,,,,,,1900-01-01 6:00:00,,,,,,,,,,,0,,,,,,,,,0,,,,0,,,,0,,1900-01-01 6:00:00,1900-01-01 6:00:00,,,,,0,0,0,0,0,0,,,FALSE
100,82082844,ZMD0095,1900-01-01 19:57:50,2020-07-26 5:00:00,,2105,1000,Z1,,,2020-07-28 5:00:00,2020-07-28 5:00:00,2020-07-26 5:00:00,2020-07-29 5:00:00,2020-07-28 5:00:00,,DFP,Destination,,1 DAY,,,J,,,,0,M,3877,,,0,0,0,0,,0,,18,,1900-01-01 21:00:00,10,,1,F2,2020-07-28 5:00:00,,1 DAY,,Z10000,,USD,,0,1000,,,USD,1,,ZMD0095,2020-07-29 5:00:00,,,,,,,,1900-01-01 6:00:00,,,,,,,,0,,,,,1900-01-01 6:00:00,1900-01-01 6:00:00,,2020-07-26 5:00:00,1900-01-01 6:00:00,,,,,,,,,0,,3877,,,1900-01-01 21:00:00,1900-01-01 21:00:00,1900-01-01 21:00:00,1900-01-01 21:00:00,,,,0,0,,4503189369,051MhZJO7jgpxZpmI}Usdm,,,PST,PST,,,I,,VL10X,,,,,,,,,1900-01-01 6:00:00,1900-01-01 6:00:00,0,,,,,,,1900-01-01 6:00:00,,,,,,,,,,,0,,,,,,,,,0,,,,0,,,,0,,1900-01-01 6:00:00,1900-01-01 6:00:00,,,,,0,0,0,0,0,0,,,FALSE
100,82082947,CA_UNICENTER,1900-01-01 11:21:05,2020-07-27 5:00:00,,5006,1000,Z1,,,2020-07-29 5:00:00,2020-07-29 5:00:00,2020-07-27 5:00:00,2020-08-01 5:00:00,2020-07-29 5:00:00,,DFP,Destination,,3 DAY,,,J,,,,0,M,5129,,,0,0,43620.552,36676,LB,2675.084,FT3,54,,1900-01-01 21:00:00,9999,,1,F2,2020-07-30 5:00:00,,3 DAY,,Z10000,,USD,,0,1000,,,USD,1,,CA_UNICENTER,2020-08-03 5:00:00,106,,,,,,,1900-01-01 6:00:00,,,,,,,,0,,,,,1900-01-01 6:00:00,1900-01-01 6:00:00,,2020-07-27 5:00:00,2020-07-30 5:00:00,,,,,,,,,0,,5129,,,1900-01-01 6:00:00,1900-01-01 19:59:58,1900-01-01 20:00:00,1900-01-01 20:00:00,D16,S16,,0,0,,4503188859,051MhZJO7jgp}bnepqxPc0,,,CST,EST,,,I,,,,,,1000,,,,,1900-01-01 6:00:00,1900-01-01 6:00:00,0,,,,,,,1900-01-01 6:00:00,,,,,,,,,,,0,,,,,,,,,0,,,,0,,,,0,,1900-01-01 6:00:00,1900-01-01 6:00:00,,,,,0,0,0,0,0,0,,,FALSE
100,82082952,CA_UNICENTER,1900-01-01 11:21:25,2020-07-27 5:00:00,,5665,1000,ZUB,,,2020-07-29 5:00:00,2020-07-29 5:00:00,2020-07-27 5:00:00,2020-07-30 5:00:00,2020-07-29 5:00:00,,DFP,Destination,,1 DAY,,,J,,,,0,ZZ,4253,,,0,0,39600,39600,LB,1069.2,IN3,20,,1900-01-01 6:00:00,9999,,1,F2,2020-07-30 5:00:00,,1 DAY,,Z10000,,USD,,0,1000,,,USD,1,,ZBC3046,2020-07-30 5:00:00,,,,,,,,1900-01-01 6:00:00,,,,,,,,0,,,,,1900-01-01 6:00:00,1900-01-01 6:00:00,,2020-07-27 5:00:00,2020-07-30 5:00:00,,,,,,,,,0,,4253,,,1900-01-01 6:00:00,1900-01-01 6:00:00,1900-01-01 6:00:00,1900-01-01 6:00:00,,,,0,0,,3351145,051MhZJO7jgp}bsZrSkvcG,,,CST,CST,,,I,,,,,,,,,,,1900-01-01 6:00:00,1900-01-01 6:00:00,0,,,,,,,1900-01-01 6:00:00,,,,,,,,,,,0,,,,,,,,,0,,,,0,,,,0,,1900-01-01 6:00:00,1900-01-01 6:00:00,,,,,0,0,0,0,0,0,,,FALSE
100,82082994,ZMD0095,1900-01-01 15:27:39,2020-07-27 5:00:00,,3926,1000,Z1,,,2020-08-04 5:00:00,2020-08-04 5:00:00,2020-07-31 5:00:00,2020-08-06 5:00:00,2020-08-04 5:00:00,,DFP,Destination,,2 DAY,,,J,,,,0,M,3880,,,0,0,44475.2,38696,LB,2758.56,FT3,56,,1900-01-01 21:00:00,9999,,1,F2,2020-08-05 5:00:00,,2 DAY,,Z10000,,USD,,0,1000,,,USD,1,,CA_UNICENTER,2020-08-05 5:00:00,,,,,,,,1900-01-01 6:00:00,,,,,,,,0,,,,,1900-01-01 6:00:00,1900-01-01 6:00:00,,2020-07-27 5:00:00,2020-08-05 5:00:00,,,,,,,,,0,,3880,,,1900-01-01 22:00:00,1900-01-01 21:59:58,1900-01-01 22:00:00,1900-01-01 22:00:00,,,,0,0,,4503187427,051MhZJO7kgqWgfQOdjgzG,,,EST,CST,,,I,,VL10X,,,,1000,,,,,1900-01-01 6:00:00,1900-01-01 6:00:00,0,,,,,,,1900-01-01 6:00:00,,,,,,,,,,,0,,,,,,,,,0,,,,0,,,,0,,1900-01-01 6:00:00,1900-01-01 6:00:00,,,,,0,0,0,0,0,0,,,FALSE
100,82083180,ZDF3012,1900-01-01 15:24:40,2020-07-24 5:00:00,,4208,1000,Z1,,,2020-07-27 5:00:00,2020-07-27 5:00:00,2020-07-24 5:00:00,2020-07-29 5:00:00,2020-07-27 5:00:00,,DFP,Destination,,2 DAY,,,J,,,,0,M,4296,,,0,0,45929.65,14811,LB,1150.665,FT3,22,,1900-01-01 21:00:00,9999,,1,F2,2020-07-27 5:00:00,,2 DAY,,Z10000,,USD,,0,1000,,,USD,1,,CA_UNICENTER,2020-08-03 5:00:00,,,,,,,,1900-01-01 6:00:00,,,,,,,,0,03491001055886389,,,,1900-01-01 6:00:00,1900-01-01 6:00:00,,2020-07-24 5:00:00,2020-07-27 5:00:00,,,,,,,,,0,,4296,,,1900-01-01 20:00:00,1900-01-01 20:00:00,1900-01-01 20:00:00,1900-01-01 20:00:00,,,,0,0,,4503179195,051MhZJ{7kgpjoreTxZF10,,,CST,EST,,,I,,VL10X,,,,,,,,,1900-01-01 6:00:00,1900-01-01 6:00:00,0,,,,,,,1900-01-01 6:00:00,,,,,,,,,,,0,,,,,,,,,0,,,,0,,,,0,,1900-01-01 6:00:00,1900-01-01 6:00:00,,,,,0,0,0,0,0,0,,,FALSE
100,82083319,ZMD0095,1900-01-02 2:05:41,2020-07-24 5:00:00,,2105,1000,Z1,,,2020-07-28 5:00:00,2020-07-28 5:00:00,2020-07-26 5:00:00,2020-07-29 5:00:00,2020-07-28 5:00:00,,DFP,Destination,,1 DAY,,,J,,,,0,M,3877,,,0,0,0,0,,0,,18,,1900-01-01 21:00:00,10,,1,F2,2020-07-28 5:00:00,,1 DAY,,Z10000,,USD,,0,1000,,,USD,1,,ZMD0095,2020-07-29 5:00:00,,,,,,,,1900-01-01 6:00:00,,,,,,,,0,,,,,1900-01-01 6:00:00,1900-01-01 6:00:00,,2020-07-24 5:00:00,1900-01-01 6:00:00,,,,,,,,,0,,3877,,,1900-01-01 21:00:00,1900-01-01 21:00:00,1900-01-01 21:00:00,1900-01-01 21:00:00,,,,0,0,,4503184404,051MhZJ{7jgpmbwmCAZw7m,,,PST,PST,,,I,,VL10X,,,,,,,,,1900-01-01 6:00:00,1900-01-01 6:00:00,0,,,,,,,1900-01-01 6:00:00,,,,,,,,,,,0,,,,,,,,,0,,,,0,,,,0,,1900-01-01 6:00:00,1900-01-01 6:00:00,,,,,0,0,0,0,0,0,,,FALSE
100,82083335,ZMD0095,1900-01-02 2:06:30,2020-07-24 5:00:00,,2105,1000,Z1,,,2020-07-29 5:00:00,2020-07-29 5:00:00,2020-07-27 5:00:00,2020-07-30 5:00:00,2020-07-29 5:00:00,,DFP,Destination,,1 DAY,,,J,,,,0,M,3877,,,0,0,43846.4,37400,LB,1120.8,FT3,20,,1900-01-01 21:00:00,9999,,1,F2,2020-07-30 5:00:00,,1 DAY,,Z10000,,USD,,0,1000,,,USD,1,,YGC0025,2020-07-30 5:00:00,109,,,,,,,1900-01-01 6:00:00,,,,,,,,0,,,,,1900-01-01 6:00:00,1900-01-01 6:00:00,,2020-07-24 5:00:00,2020-07-30 5:00:00,,,,,,,,,0,,3877,,,1900-01-01 21:00:00,1900-01-01 21:00:00,1900-01-01 21:00:00,1900-01-01 21:00:00,P05,PS05,,0,0,,4503183882,051MhZJ{7jgpmc9cm}Pw8W,,,PST,PST,,,I,,VL10X,,,,,,,,,1900-01-01 6:00:00,1900-01-01 6:00:00,0,,,,,,,1900-01-01 6:00:00,,,,,,,,,,,0,,,,,,,,,0,,,,0,,,,0,,1900-01-01 6:00:00,1900-01-01 6:00:00,,,,,0,0,0,0,0,0,,,FALSE
100,82083431,CA_UNICENTER,1900-01-01 11:20:45,2020-07-27 5:00:00,,4272,1000,Z1,,,2020-07-29 5:00:00,2020-07-29 5:00:00,2020-07-27 5:00:00,2020-07-30 5:00:00,2020-07-29 5:00:00,,DFP,Destination,,1 DAY,,,J,,,,0,M,3881,,,0,0,42876,24210,LB,889.38,FT3,18,,1900-01-01 21:00:00,9999,,1,F2,2020-07-29 5:00:00,,1 DAY,,Z10000,,USD,,0,1000,,,USD,1,,CA_UNICENTER,2020-07-29 5:00:00,,,,,,,,1900-01-01 6:00:00,,,,,,,,0,03491001055986881,,,,1900-01-01 6:00:00,1900-01-01 6:00:00,,2020-07-27 5:00:00,2020-07-29 5:00:00,,,,,,,,,0,,3881,,,1900-01-01 6:00:00,1900-01-01 6:00:00,1900-01-01 6:00:00,1900-01-01 6:00:00,,,,0,0,,4503188626,051MhZJ{7jgp}bgrm5bnW0,,,EST,CST,,,I,,,,,,,,,,,1900-01-01 6:00:00,1900-01-01 6:00:00,0,,,,,,,1900-01-01 6:00:00,,,,,,,,,,,0,,,,,,,,,0,,,,0,,,,0,,1900-01-01 6:00:00,1900-01-01 6:00:00,,,,,0,0,0,0,0,0,,,FALSE
100,82083709,ZCO3010,1900-01-01 18:38:38,2020-07-23 5:00:00,,5398,1000,Z1,,,2020-08-13 5:00:00,2020-08-13 5:00:00,2020-08-03 5:00:00,2020-08-21 5:00:00,2020-08-13 5:00:00,,DFP,Destination,,5 DAY,,,J,,,,0,M,2100,,,0,0,35531.46,32400,LB,1260.36,FT3,27,,1900-01-01 21:00:00,9999,,1,F2,2020-08-20 5:00:00,,5 DAY,,Z10000,,USD,,0,1000,,,USD,1,,ZAM0103,2020-08-26 5:00:00,,,,,,,,1900-01-01 6:00:00,,,,,,,,0,,,,,1900-01-01 6:00:00,1900-01-01 6:00:00,,2020-07-23 5:00:00,2020-08-20 5:00:00,,,,,,,,,0,,2100,,,1900-01-01 18:00:00,1900-01-01 18:00:00,1900-01-01 18:00:00,1900-01-01 18:00:00,,,,0,0,,4503188304,051MhZJL7jgpeMhXN0BIL0,,,PST,EST,,,I,,VL10X,,,,,,,,,1900-01-01 6:00:00,1900-01-01 6:00:00,0,,,,,,,1900-01-01 6:00:00,,,,,,,,,,,0,,,,,,,,,0,,,,0,,,,0,,1900-01-01 6:00:00,1900-01-01 6:00:00,,,,,0,0,0,0,0,0,,,FALSE
100,82083892,CA_UNICENTER,1900-01-01 11:20:48,2020-07-24 5:00:00,,4278,1000,Z1,,,2020-07-28 5:00:00,2020-07-28 5:00:00,2020-07-24 5:00:00,2020-07-29 5:00:00,2020-07-28 5:00:00,,DFP,Destination,,1 DAY,,,J,,,,0,M,3881,,,0,0,41843.2,28537.6,LB,918.912,FT3,16,,1900-01-01 21:00:00,9999,,1,F2,2020-07-28 5:00:00,,1 DAY,,Z10000,,USD,,0,1000,,,USD,1,,CA_UNICENTER,2020-07-28 5:00:00,,,,,,,,1900-01-01 6:00:00,,,,,,,,0,105591182N,,,,1900-01-01 6:00:00,1900-01-01 6:00:00,,2020-07-24 5:00:00,2020-07-28 5:00:00,,,,,,,,,0,,3881,,,1900-01-01 22:00:00,1900-01-01 22:00:00,1900-01-01 22:00:00,1900-01-01 22:00:00,,,,0,0,,4503184639,051MhZJL7jgpikhW80}t3W,,,EST,CST,,,I,,,,,,,,,,,1900-01-01 6:00:00,1900-01-01 6:00:00,0,,,,,,,1900-01-01 6:00:00,,,,,,,,,,,0,,,,,,,,,0,,,,0,,,,0,,1900-01-01 6:00:00,1900-01-01 6:00:00,,,,,0,0,0,0,0,0,,,FALSE
100,82083977,CA_UNICENTER,1900-01-01 23:43:10,2020-07-26 5:00:00,,4208,1000,Z1,,,2020-07-29 5:00:00,2020-07-29 5:00:00,2020-07-27 5:00:00,2020-07-31 5:00:00,2020-07-29 5:00:00,,DFP,Destination,,2 DAY,,,J,,,,0,M,4296,,,0,0,44100,34776,LB,1401.12,FT3,28,,1900-01-01 7:00:00,9999,,1,F2,2020-07-28 5:00:00,,2 DAY,,Z10000,,USD,,0,1000,,,USD,1,,CA_UNICENTER,2020-08-03 5:00:00,,,,,,,,1900-01-01 6:00:00,,,,,,,,0,03491001055913016,,,,1900-01-01 6:00:00,1900-01-01 6:00:00,,2020-07-26 5:00:00,2020-07-28 5:00:00,,,,,,,,,0,,4296,,,1900-01-01 6:00:00,1900-01-01 6:00:00,1900-01-01 6:00:00,1900-01-01 6:00:00,,,,0,0,,4503180590,051MhZJL7jgpyYmtwjZHXG,,,CST,EST,,,I,,,,,,,,,,,1900-01-01 6:00:00,1900-01-01 6:00:00,0,,,,,,,1900-01-01 6:00:00,,,,,,,,,,,0,,,,,,,,,0,,,,0,,,,0,,1900-01-01 6:00:00,1900-01-01 6:00:00,,,,,0,0,0,0,0,0,,,FALSE
100,82084015,CA_UNICENTER,1900-01-01 11:19:01,2020-07-27 5:00:00,,2102,1000,Z1,,,2020-07-29 5:00:00,2020-07-29 5:00:00,2020-07-27 5:00:00,2020-07-31 5:00:00,2020-07-29 5:00:00,,DFP,Destination,,2 DAY,,,J,,,,0,M,3880,,,0,0,44042.912,38950,LB,1025.088,FT3,19,,1900-01-01 21:00:00,9999,,1,F2,2020-08-02 5:00:00,,2 DAY,,Z10000,,USD,,0,1000,,,USD,1,,ZRC0467,2020-08-02 5:00:00,108,,,,,,,1900-01-01 6:00:00,,,,,,,,0,,,,,1900-01-01 6:00:00,1900-01-01 6:00:00,,2020-07-27 5:00:00,2020-08-02 5:00:00,,,,,,,,,0,,3880,,,1900-01-01 22:00:00,1900-01-01 22:00:00,1900-01-01 22:00:00,1900-01-01 22:00:00,P09,P09STAGE,,0,0,,4503185393,051MhZJL7jgp}bC5L6d1iW,,,EST,CST,,,I,,,,,,1000,,,,,1900-01-01 6:00:00,1900-01-01 6:00:00,0,,,,,,,1900-01-01 6:00:00,,,,,,,,,,,0,,,,,,,,,0,,,,0,,,,0,,1900-01-01 6:00:00,1900-01-01 6:00:00,,,,,0,0,0,0,0,0,,,FALSE
100,82084044,CA_UNICENTER,1900-01-01 11:19:13,2020-07-27 5:00:00,,3898,1000,Z1,,,2020-07-29 5:00:00,2020-07-29 5:00:00,2020-07-27 5:00:00,2020-07-30 5:00:00,2020-07-29 5:00:00,,DFP,Destination,,1 DAY,,,J,,,,0,M,3894,,,0,0,24857.07,18907.75,LB,1890.4,FT3,20,,1900-01-01 21:00:00,9999,,1,F2,2020-07-30 5:00:00,,1 DAY,,Z10000,,USD,,0,1000,,,USD,1,,CA_UNICENTER,2020-07-31 5:00:00,,,,,,,,1900-01-01 6:00:00,,,,,,,,0,105599556N,,,,1900-01-01 6:00:00,1900-01-01 6:00:00,,2020-07-27 5:00:00,2020-07-30 5:00:00,,,,,,,,,0,,3894,,,1900-01-01 21:00:00,1900-01-01 21:00:00,1900-01-01 21:00:00,1900-01-01 21:00:00,,,,0,0,,4503187647,051MhZJL7jgp}bF1rYk1iW,,,CST,CST,,,I,,,,,,1000,,,,,1900-01-01 6:00:00,1900-01-01 6:00:00,0,,,,,,,1900-01-01 6:00:00,,,,,,,,,,,0,,,,,,,,,0,,,,0,,,,0,,1900-01-01 6:00:00,1900-01-01 6:00:00,,,,,0,0,0,0,0,0,,,FALSE
100,82084048,CA_UNICENTER,1900-01-01 11:19:14,2020-07-27 5:00:00,,3970,1000,Z1,,,2020-07-29 5:00:00,2020-07-29 5:00:00,2020-07-27 5:00:00,2020-07-31 5:00:00,2020-07-29 5:00:00,,DFP,Destination,,232342,,,J,,,,0,M,4226,,,0,0,16055,14770,LB,1177.1,FT3,30,,1900-01-01 21:00:00,9999,,1,F2,2020-07-29 5:00:00,,232342,,Z10000,,USD,,0,1000,,,USD,1,,CA_UNICENTER,2020-07-31 5:00:00,,,,,,,,1900-01-01 6:00:00,,,,,,,,0,105590158N,,,,1900-01-01 6:00:00,1900-01-01 6:00:00,,2020-07-27 5:00:00,2020-07-29 5:00:00,,,,,,,,,0,,4226,,,1900-01-01 6:00:00,1900-01-01 6:00:00,1900-01-01 6:00:00,1900-01-01 6:00:00,,,,0,0,,4503184260,051MhZJL7jgp}bFTQBDXiW,,,MST,CST,,,I,,,,,,,,,,,1900-01-01 6:00:00,1900-01-01 6:00:00,0,,,,,,,1900-01-01 6:00:00,,,,,,,,,,,0,,,,,,,,,0,,,,0,,,,0,,1900-01-01 6:00:00,1900-01-01 6:00:00,,,,,0,0,0,0,0,0,,,FALSE
100,82084076,CA_UNICENTER,1900-01-01 11:21:04,2020-07-27 5:00:00,,4761,1000,Z1,,,2020-07-29 5:00:00,2020-07-29 5:00:00,2020-07-27 5:00:00,2020-07-31 5:00:00,2020-07-29 5:00:00,,DFP,Destination,,183270,,,J,,,,0,M,3881,,,0,0,15666,10158,LB,2394,FT3,60,,1900-01-01 21:00:00,9999,,1,F2,2020-07-30 5:00:00,,183270,,Z10000,,USD,,0,1000,,,USD,1,,ZBP3027,2020-08-03 5:00:00,,,,,,,,1900-01-01 6:00:00,,,,,,,,0,,,,,1900-01-01 6:00:00,1900-01-01 6:00:00,,2020-07-27 5:00:00,2020-07-30 5:00:00,,,,,,,,,0,,3881,,,1900-01-01 21:00:00,1900-01-01 21:00:00,1900-01-01 21:00:00,1900-01-01 21:00:00,,,,0,0,,4503182027,051MhZJL7jgp}bm96cV1}m,,,CST,CST,,,I,,,,,,,,,,,1900-01-01 6:00:00,1900-01-01 6:00:00,0,,,,,,,1900-01-01 6:00:00,,,,,,,,,,,0,,,,,,,,,0,,,,0,,,,0,,1900-01-01 6:00:00,1900-01-01 6:00:00,,,,,0,0,0,0,0,0,,,FALSE
100,82084287,ZAS3021,1900-01-01 18:47:53,2020-07-26 5:00:00,,5495,1000,HOD,,,2020-07-29 5:00:00,2020-07-29 5:00:00,2020-07-27 5:00:00,2020-07-29 5:00:00,2020-07-29 5:00:00,,DFP,"FOB Dest, Frt Prepaid",,,,,J,,,,0,ZC,5495,,,0,0,1104.985,984.375,LB,64.785,FT3,1,,1900-01-01 6:00:02,9999,,1,,2020-07-26 5:00:00,,,,Z10000,,,,0,1000,,,USD,1,,ZAS3021,2020-07-27 5:00:00,144,A,,,,,,1900-01-01 6:00:00,,,,,,,,0,,A5495,,,1900-01-01 6:00:00,1900-01-01 6:00:00,,2020-07-26 5:00:00,2020-07-26 5:00:00,,,,,,,,,0,,,,,1900-01-01 6:00:02,1900-01-01 6:00:00,1900-01-01 6:00:02,1900-01-01 6:00:02,,,,0,0,,,051MhZJJ7kgpxGGfsLxd7W,,,CST,CST,,,I,,MIGO,,,,1000,,,,,1900-01-01 6:00:00,1900-01-01 6:00:00,0,,,,,,,1900-01-01 6:00:00,,,,,,,,,,,0,,,,,,,,,0,,,,0,,,,0,,1900-01-01 6:00:00,1900-01-01 6:00:00,,,,,0,0,0,0,0,0,,,FALSE
100,82084291,CA_UNICENTER,1900-01-01 11:19:03,2020-07-27 5:00:00,,2119,1000,Z1,,,2020-07-29 5:00:00,2020-07-29 5:00:00,2020-07-27 5:00:00,2020-07-31 5:00:00,2020-07-29 5:00:00,,DFP,Destination,,2 DAY,,,J,,,,0,M,3752,,,0,0,42453.9,35914.44,LB,2864.064,FT3,60,,1900-01-01 21:00:00,9999,,1,F2,2020-07-29 5:00:00,,2 DAY,,Z10000,,USD,,0,1000,,,USD,1,,ZTS0176,2020-07-29 5:00:00,102,,,,,,,1900-01-01 6:00:00,,,,,,,,0,,,,,1900-01-01 6:00:00,1900-01-01 6:00:00,,2020-07-27 5:00:00,2020-07-29 5:00:00,,,,,,,,,0,,3752,,,1900-01-01 6:00:00,1900-01-01 20:59:00,1900-01-01 21:00:00,1900-01-01 21:00:00,D17,,,0,0,,4503189062,051MhZJJ7kgp}bCQzFl0Im,,,CST,CST,,,I,,,,,,,,,,,1900-01-01 6:00:00,1900-01-01 6:00:00,0,,,,,,,1900-01-01 6:00:00,,,,,,,,,,,0,,,,,,,,,0,,,,0,,,,0,,1900-01-01 6:00:00,1900-01-01 6:00:00,,,,,0,0,0,0,0,0,,,FALSE
100,82084328,CA_UNICENTER,1900-01-01 11:20:43,2020-07-27 5:00:00,,4254,1000,Z2,,,2020-07-29 5:00:00,2020-07-29 5:00:00,2020-07-27 5:00:00,2020-08-03 5:00:00,2020-07-29 5:00:00,,DFP,Destination,,5 DAY,,,J,,,,0,X,3926,,,0,0,42088.992,36510,LB,1428.048,FT3,24,,1900-01-01 21:00:00,9999,,1,F2,2020-07-29 5:00:00,,5 DAY,,Z10000,,USD,,0,1000,,,USD,1,,CA_UNICENTER,2020-08-04 5:00:00,150,,,,,,,1900-01-01 6:00:00,,,,,,,,0,,,,,1900-01-01 6:00:00,1900-01-01 6:00:00,,2020-07-27 5:00:00,2020-07-29 5:00:00,,,,,,,,,0,,3926,,,1900-01-01 20:00:00,1900-01-01 20:00:00,1900-01-01 20:00:00,1900-01-01 20:00:00,D16,,,0,0,,4503187402,051MhZJJ7kgp}bgJEnjWbG,,,MST,EST,,,I,,,,,,1000,,,,,1900-01-01 6:00:00,1900-01-01 6:00:00,0,,,,,,,1900-01-01 6:00:00,,,,,,,,,,,0,,,,,,,,,0,,,,0,,,,0,,1900-01-01 6:00:00,1900-01-01 6:00:00,,,,,0,0,0,0,0,0,,,FALSE
100,82084386,ZKS3071,1900-01-01 20:17:22,2020-07-27 5:00:00,,5446,1000,Z1,,,2020-07-31 5:00:00,2020-07-31 5:00:00,2020-07-29 5:00:00,2020-07-31 5:00:00,2020-07-31 5:00:00,,DFP,Destination,,0 DAY,,,J,,,,0,M,3898,,,0,0,32637.92,24255,LB,2646.56,FT3,28,,1900-01-01 21:00:00,9999,,1,F2,2020-07-31 5:00:00,,0 DAY,,Z10000,,USD,,0,1000,,,USD,1,,CA_UNICENTER,2020-08-01 5:00:00,132,,,,,,,1900-01-01 6:00:00,,,,,,,,0,,,,,1900-01-01 6:00:00,1900-01-01 6:00:00,,2020-07-27 5:00:00,2020-07-31 5:00:00,,,,,,,,,0,,3898,,,1900-01-01 21:00:00,1900-01-01 20:59:58,1900-01-01 21:00:00,1900-01-01 21:00:00,D17,,,0,0,,4503186301,051MhZJJ7jgqXxc1lmfauW,,,EST,CST,,,I,,VL10X,,,,,,,,,1900-01-01 6:00:00,1900-01-01 6:00:00,0,,,,,,,1900-01-01 6:00:00,,,,,,,,,,,0,,,,,,,,,0,,,,0,,,,0,,1900-01-01 6:00:00,1900-01-01 6:00:00,,,,,0,0,0,0,0,0,,,FALSE
100,82084423,CA_UNICENTER,1900-01-01 11:19:01,2020-07-28 5:00:00,,2105,1000,Z3,,,2020-07-30 5:00:00,2020-07-30 5:00:00,2020-07-28 5:00:00,2020-08-11 5:00:00,2020-07-30 5:00:00,,DFP,Destination,,12 DAY,,,J,,,,0,R,3752,,,0,0,121694.272,107408,LB,2972.032,FT3,56,,1900-01-01 21:00:00,9999,,1,F2,2020-07-29 5:00:00,,12 DAY,,Z10000,,USD,,0,1000,,,USD,1,,YGC0025,2020-07-29 5:00:00,109,,,,,,,1900-01-01 6:00:00,,,,,,,,0,,,,,1900-01-01 6:00:00,1900-01-01 6:00:00,,2020-07-28 5:00:00,2020-07-29 5:00:00,,,,,,,,,0,,3752,,,1900-01-01 19:00:00,1900-01-01 19:00:00,1900-01-01 19:00:00,1900-01-01 19:00:00,R04,RDS4,,0,0,,4503173289,051MhZJJ7kgqbtWvJvbUUm,,,PST,CST,,,I,,,,,,,,,,,1900-01-01 6:00:00,1900-01-01 6:00:00,0,,,,,,,1900-01-01 6:00:00,,,,,,,,,,,0,,,,,,,,,0,,,,0,,,,0,,1900-01-01 6:00:00,1900-01-01 6:00:00,,,,,0,0,0,0,0,0,,,FALSE
100,82084560,ZNA3001,1900-01-01 19:18:56,2020-07-29 5:00:00,,4238,1000,Z1,,,2020-08-06 5:00:00,2020-08-06 5:00:00,2020-08-05 5:00:00,2020-08-10 5:00:00,2020-08-06 5:00:00,,DFP,Destination,,2 DAY,,,J,,,,0,M,4246,,,0,0,38100,30900,LB,2430,FT3,30,,1900-01-01 21:00:00,9999,,1,F2,2020-08-07 5:00:00,,2 DAY,,Z10000,,USD,,0,1000,,,USD,1,,CA_UNICENTER,2020-08-11 5:00:00,,,,,,,,1900-01-01 6:00:00,,,,,,,,0,03491001056136568,,,,1900-01-01 6:00:00,1900-01-01 6:00:00,,2020-07-29 5:00:00,2020-08-07 5:00:00,,,,,,,,,0,,4246,,,1900-01-02 4:59:59,1900-01-02 4:59:00,1900-01-02 4:59:00,1900-01-02 4:59:59,,,,0,0,,4503191423,051MhZJJ7kgqkFxUwo0sJ0,,,EST,CST,,,I,,VL10X,,,,,,,,,1900-01-01 6:00:00,1900-01-01 6:00:00,0,,,,,,,1900-01-01 6:00:00,,,,,,,,,,,0,,,,,,,,,0,,,,0,,,,0,,1900-01-01 6:00:00,1900-01-01 6:00:00,,,,,0,0,0,0,0,0,,,FALSE
100,82084623,CA_UNICENTER,1900-01-01 11:20:41,2020-07-24 5:00:00,,4246,1000,Z1,,,2020-07-28 5:00:00,2020-07-28 5:00:00,2020-07-24 5:00:00,2020-07-30 5:00:00,2020-07-28 5:00:00,,DFP,Destination,,195095,,,J,,,,0,M,4233,,,0,0,18330.4,17290,LB,1148.372,FT3,12,,1900-01-01 21:00:00,9999,,1,F2,2020-07-28 5:00:00,,195095,,Z10000,,USD,,0,1000,,,USD,1,,CA_UNICENTER,2020-07-31 5:00:00,,,,,,,,1900-01-01 6:00:00,,,,,,,,0,105597395N,,,,1900-01-01 6:00:00,1900-01-01 6:00:00,,2020-07-24 5:00:00,2020-07-28 5:00:00,,,,,,,,,0,,4233,,,1900-01-01 20:00:00,1900-01-01 20:00:00,1900-01-01 20:00:00,1900-01-01 20:00:00,,,,0,0,,4503188045,051MhZQ67kgpikga2zPBqW,,,CST,EST,,,I,,,,,,,,,,,1900-01-01 6:00:00,1900-01-01 6:00:00,0,,,,,,,1900-01-01 6:00:00,,,,,,,,,,,0,,,,,,,,,0,,,,0,,,,0,,1900-01-01 6:00:00,1900-01-01 6:00:00,,,,,0,0,0,0,0,0,,,FALSE
100,82084739,ZCM0124,1900-01-01 14:39:16,2020-07-24 5:00:00,,2163,1000,Z1,,,2020-07-29 5:00:00,2020-07-29 5:00:00,2020-07-27 5:00:00,2020-07-31 5:00:00,2020-07-29 5:00:00,,DFP,FOB Destination,,2 DAY,,,J,,,,0,M,4631,,,0,0,43130,43130,LB,8918.6,FT3,19,,1900-01-01 21:00:00,9999,,1,F2,2020-07-29 5:00:00,,2 DAY,,Z10000,,USD,,0,1000,,,USD,1,,ZDO0109,2020-08-03 5:00:00,118,,,,,,,1900-01-01 6:00:00,,,,,,,,0,,,,,1900-01-01 6:00:00,1900-01-01 6:00:00,,2020-07-24 5:00:00,2020-07-29 5:00:00,,,,,,,,,0,,4631,,,1900-01-01 21:00:00,1900-01-01 20:59:58,1900-01-01 21:00:00,1900-01-01 21:00:00,,B01,,0,0,,4503187932,051MhZQ67kgpjc8hKTgP70,,,CST,CST,,,I,,VL10X,,,,1000,,,,,1900-01-01 6:00:00,1900-01-01 6:00:00,0,,,,,,,1900-01-01 6:00:00,,,,,,,,,,,0,,,,,,,,,0,,,,0,,,,0,,1900-01-01 6:00:00,1900-01-01 6:00:00,,,,,0,0,0,0,0,0,,,FALSE
100,82084752,ZDL0147,1900-01-01 17:47:50,2020-07-26 5:00:00,,5006,1000,HOD,,,2020-07-27 5:00:00,2020-07-27 5:00:00,2020-07-27 5:00:00,2020-07-27 5:00:00,2020-07-27 5:00:00,,DFP,Destination,,,,,J,,,,0,ZC,5006,,,0,0,23700,23700,LB,711,IN3,12,,1900-01-01 6:00:00,9999,,1,,2020-07-26 5:00:00,,,,Z10000,,,,0,1000,,,USD,1,,ZKB0161,2020-07-26 5:00:00,106,A,,,,,,1900-01-01 6:00:00,,,,,,,,0,,A5006,,,1900-01-01 6:00:00,1900-01-01 6:00:00,,2020-07-26 5:00:00,2020-07-26 5:00:00,,,,,,,,,0,,,,,1900-01-01 6:00:00,1900-01-01 6:00:00,1900-01-01 6:00:00,1900-01-01 6:00:00,,,,0,0,,,051MhZQ67jgpw}Ug}{}BcG,,,CST,CST,,,I,,MB1A,,,,,,,,,1900-01-01 6:00:00,1900-01-01 6:00:00,0,,,,,,,1900-01-01 6:00:00,,,,,,,,,,,0,,,,,,,,,0,,,,0,,,,0,,1900-01-01 6:00:00,1900-01-01 6:00:00,,,,,0,0,0,0,0,0,,,FALSE
100,82084817,CA_UNICENTER,1900-01-01 15:19:02,2020-07-27 5:00:00,,4237,1000,Z1,,,2020-07-29 5:00:00,2020-07-29 5:00:00,2020-07-27 5:00:00,2020-07-29 5:00:00,2020-07-29 5:00:00,,DFP,Destination,,0 DAY,,,J,,,,0,M,4226,,,0,0,35059.2,31920,LB,2047.68,FT3,24,,1900-01-01 21:00:00,9999,,1,F2,2020-07-29 5:00:00,,0 DAY,,Z10000,,USD,,0,1000,,,USD,1,,CA_UNICENTER,2020-07-30 5:00:00,,,,,,,,1900-01-01 6:00:00,,,,,,,,0,03491001056046799,,,,1900-01-01 6:00:00,1900-01-01 6:00:00,,2020-07-27 5:00:00,2020-07-29 5:00:00,,,,,,,,,0,,4226,,,1900-01-01 21:00:00,1900-01-01 21:00:00,1900-01-01 21:00:00,1900-01-01 21:00:00,,,,0,0,,4503189484,051MhZQ67kgqWeFKzVSdJm,,,CST,CST,,,I,,,,,,,,,,,1900-01-01 6:00:00,1900-01-01 6:00:00,0,,,,,,,1900-01-01 6:00:00,,,,,,,,,,,0,,,,,,,,,0,,,,0,,,,0,,1900-01-01 6:00:00,1900-01-01 6:00:00,,,,,0,0,0,0,0,0,,,FALSE
100,82084826,ZMG0226,1900-01-01 16:40:48,2020-07-27 5:00:00,,5053,1000,Z1,,,2020-08-10 5:00:00,2020-08-10 5:00:00,2020-08-08 5:00:00,2020-08-11 5:00:00,2020-08-10 5:00:00,,DFP,Destination,,164560,,,J,,,,0,M,3880,,,0,0,40057.821,32144.735,LB,2474.504,FT3,51,,1900-01-01 21:00:00,9999,,1,F2,2020-08-10 5:00:00,,164560,,Z10000,,USD,,0,1000,,,USD,1,,ZDD0034,2020-08-10 5:00:00,119,,,,,,,1900-01-01 6:00:00,,,,,,,,0,,,,,1900-01-01 6:00:00,1900-01-01 6:00:00,,2020-07-27 5:00:00,2020-08-10 5:00:00,,,,,,,,,0,,3880,,,1900-01-01 6:00:00,1900-01-01 21:59:58,1900-01-01 22:00:00,1900-01-01 22:00:00,D13,,,0,0,,4503185156,051MhZQ67kgqW}5Qj05iU0,,,EST,CST,,,I,,VL10X,,,,1000,,,,,1900-01-01 6:00:00,1900-01-01 6:00:00,0,,,,,,,1900-01-01 6:00:00,,,,,,,,,,,0,,,,,,,,,0,,,,0,,,,0,,1900-01-01 6:00:00,1900-01-01 6:00:00,,,,,0,0,0,0,0,0,,,FALSE
100,82084848,ZCH3008,1900-01-01 17:59:03,2020-07-27 5:00:00,,4272,1000,Z1,,,2020-07-28 5:00:00,2020-07-28 5:00:00,2020-07-27 5:00:00,2020-07-28 5:00:00,2020-07-28 5:00:00,,DFP,Destination,,0 DAY,,,J,,,,0,M,4281,,,0,0,96880,60400,LB,1995.2,FT3,40,,1900-01-01 6:00:00,9999,,1,F2,2020-07-29 5:00:00,,0 DAY,,Z10000,,USD,,0,1000,,,USD,1,,CA_UNICENTER,2020-07-30 5:00:00,,,,,,,,1900-01-01 6:00:00,,,,,,,,0,03491001056050765,,,,1900-01-01 6:00:00,1900-01-01 6:00:00,,2020-07-27 5:00:00,2020-07-29 5:00:00,,,,,,,,,0,,4281,,,1900-01-01 6:00:00,1900-01-01 6:00:00,1900-01-01 6:00:00,1900-01-01 6:00:00,,,,0,0,,4503189691,051MhZQ67kgqXKychz1oLW,,,EST,EST,,,I,,VL10X,,,,,,,,,1900-01-01 6:00:00,1900-01-01 6:00:00,0,,,,,,,1900-01-01 6:00:00,,,,,,,,,,,0,,,,,,,,,0,,,,0,,,,0,,1900-01-01 6:00:00,1900-01-01 6:00:00,,,,,0,0,0,0,0,0,,,FALSE
100,82084999,ZMD0095,1900-01-01 16:32:02,2020-07-28 5:00:00,,2105,1000,Z1,,,2020-08-02 5:00:00,2020-08-02 5:00:00,2020-07-31 5:00:00,2020-08-03 5:00:00,2020-08-02 5:00:00,,DFP,Destination,,1 DAY,,,J,,,,0,M,3877,,,0,0,0,0,,0,,20,,1900-01-01 6:00:00,10,,1,F2,2020-08-02 5:00:00,,1 DAY,,Z10000,,USD,,0,1000,,,USD,1,,ZMD0095,2020-08-08 5:00:00,,,,,,,,1900-01-01 6:00:00,,,,,,,,0,,,,,1900-01-01 6:00:00,1900-01-01 6:00:00,,2020-07-28 5:00:00,1900-01-01 6:00:00,,,,,,,,,0,,3877,,,1900-01-01 6:00:00,1900-01-01 6:00:00,1900-01-01 6:00:00,1900-01-01 6:00:00,,,,0,0,,4503183907,051MhZQ67jgqdE{T}U2JFG,,,PST,PST,,,I,,VL10X,,,,,,,,,1900-01-01 6:00:00,1900-01-01 6:00:00,0,,,,,,,1900-01-01 6:00:00,,,,,,,,,,,0,,,,,,,,,0,,,,0,,,,0,,1900-01-01 6:00:00,1900-01-01 6:00:00,,,,,0,0,0,0,0,0,,,FALSE
100,82085173,ZDF3012,1900-01-01 14:08:34,2020-07-27 5:00:00,,4208,1000,Z1,,,2020-07-31 5:00:00,2020-07-31 5:00:00,2020-07-29 5:00:00,2020-08-03 5:00:00,2020-07-31 5:00:00,,DFP,Destination,,2 DAY,,,J,,,,0,M,3926,,,0,0,43914,36658,LB,1126.2,FT3,19,,1900-01-01 21:00:00,9999,,1,F2,2020-07-31 5:00:00,,2 DAY,,Z10000,,USD,,0,1000,,,USD,1,,CA_UNICENTER,2020-08-04 5:00:00,,,,,,,,1900-01-01 6:00:00,,,,,,,,0,03491001056123193,,,,1900-01-01 6:00:00,1900-01-01 6:00:00,,2020-07-27 5:00:00,2020-07-31 5:00:00,,,,,,,,,0,,3926,,,1900-01-01 20:00:00,1900-01-01 20:00:00,1900-01-01 20:00:00,1900-01-01 20:00:00,,,,0,0,,4503189294,051MhZJL7jgqWKaUWX0DqW,,,CST,EST,,,I,,VL10X,,,,1000,,,,,1900-01-01 6:00:00,1900-01-01 6:00:00,0,,,,,,,1900-01-01 6:00:00,,,,,,,,,,,0,,,,,,,,,0,,,,0,,,,0,,1900-01-01 6:00:00,1900-01-01 6:00:00,,,,,0,0,0,0,0,0,,,FALSE
100,82085177,CA_UNICENTER,1900-01-01 14:19:02,2020-07-27 5:00:00,,5495,1000,Z1,,,2020-07-29 5:00:00,2020-07-29 5:00:00,2020-07-27 5:00:00,2020-07-30 5:00:00,2020-07-29 5:00:00,,DFP,Destination,,181172,,,J,,,,0,M,3894,,,0,0,29213.815,26177.065,LB,1737.135,FT3,25,,1900-01-01 21:00:00,9999,,1,F2,2020-07-29 5:00:00,,181172,,Z10000,,USD,,0,1000,,,USD,1,,CA_UNICENTER,2020-08-03 5:00:00,144,,,,,,,1900-01-01 6:00:00,,,,,,,,0,,,,,1900-01-01 6:00:00,1900-01-01 6:00:00,,2020-07-27 5:00:00,2020-07-29 5:00:00,,,,,,,,,0,,3894,,,1900-01-01 6:00:00,1900-01-01 20:59:00,1900-01-01 21:00:00,1900-01-01 21:00:00,D02,STG02,,0,0,,4503185930,051MhZJL7jgqWNUQoszEk0,,,CST,CST,,,I,,,,,,1000,,,,,1900-01-01 6:00:00,1900-01-01 6:00:00,0,,,,,,,1900-01-01 6:00:00,,,,,,,,,,,0,,,,,,,,,0,,,,0,,,,0,,1900-01-01 6:00:00,1900-01-01 6:00:00,,,,,0,0,0,0,0,0,,,FALSE
100,82085189,CA_UNICENTER,1900-01-01 20:19:02,2020-07-27 5:00:00,,5460,1000,ZUB,,,2020-07-29 5:00:00,2020-07-29 5:00:00,2020-07-27 5:00:00,2020-08-01 5:00:00,2020-07-29 5:00:00,,DFP,Destination,,208423,,,J,,,,0,ZZ,2100,,,0,0,0,0,,0,,22,,1900-01-01 6:00:00,10,,1,F2,2020-08-03 5:00:00,,208423,,Z10000,,USD,,0,1000,,,USD,1,,ZDT0113,2020-08-03 5:00:00,,,,,,,,1900-01-01 6:00:00,,,,,,,,0,,,,,1900-01-01 6:00:00,1900-01-01 6:00:00,,2020-07-27 5:00:00,2020-08-03 5:00:00,,,,,,,,,0,,2100,,,1900-01-01 6:00:00,1900-01-01 6:00:00,1900-01-01 6:00:00,1900-01-01 6:00:00,,,,0,0,,3354772,051MhZJL7kgqXy3m}EN7p0,,,CST,EST,,,I,,,,,,,,,,,1900-01-01 6:00:00,1900-01-01 6:00:00,0,,,,,,,1900-01-01 6:00:00,,,,,,,,,,,0,,,,,,,,,0,,,,0,,,,0,,1900-01-01 6:00:00,1900-01-01 6:00:00,,,,,0,0,0,0,0,0,,,FALSE
100,82085274,CA_UNICENTER,1900-01-01 11:21:14,2020-07-28 5:00:00,,5009,1000,Z1,,,2020-07-30 5:00:00,2020-07-30 5:00:00,2020-07-28 5:00:00,2020-07-31 5:00:00,2020-07-30 5:00:00,,DFP,Destination,,201747,,,J,,,,0,M,3898,,,0,0,43135.069,36533,LB,2473.426,FT3,52,,1900-01-01 21:00:00,9999,,1,F2,2020-07-30 5:00:00,,201747,,Z10000,,USD,,0,1000,,,USD,1,,CA_UNICENTER,2020-07-31 5:00:00,117,,,,,,,1900-01-01 6:00:00,,,,,,,,0,,,,,1900-01-01 6:00:00,1900-01-01 6:00:00,,2020-07-28 5:00:00,2020-07-30 5:00:00,,,,,,,,,0,,3898,,,1900-01-01 6:00:00,1900-01-01 20:59:58,1900-01-01 21:00:00,1900-01-01 21:00:00,MD3,,,0,0,,4503187238,051MhZJL7kgqbu8NAUBd2W,,,CST,CST,,,I,,,,,,,,,,,1900-01-01 6:00:00,1900-01-01 6:00:00,0,,,,,,,1900-01-01 6:00:00,,,,,,,,,,,0,,,,,,,,,0,,,,0,,,,0,,1900-01-01 6:00:00,1900-01-01 6:00:00,,,,,0,0,0,0,0,0,,,FALSE
100,82085395,CA_UNICENTER,1900-01-01 11:20:06,2020-07-29 5:00:00,,4760,1000,Z1,,,2020-07-31 5:00:00,2020-07-31 5:00:00,2020-07-29 5:00:00,2020-08-04 5:00:00,2020-07-31 5:00:00,,DFP,Destination,,2 DAY,,,J,,,,0,M,3926,,,0,0,22458,17966.4,LB,1295.078,FT3,30,,1900-01-01 21:00:00,9999,,1,F2,2020-08-11 5:00:00,,2 DAY,,Z10000,,USD,,0,1000,,,USD,1,,CA_UNICENTER,2020-08-12 5:00:00,,,,,,,,1900-01-01 6:00:00,,,,,,,,0,,,,,1900-01-01 6:00:00,1900-01-01 6:00:00,,2020-07-29 5:00:00,2020-08-11 5:00:00,,,,,,,,,0,,3926,,,1900-01-02 5:59:59,1900-01-02 5:59:00,1900-01-02 5:59:59,1900-01-02 5:59:59,,,,0,0,,4503190483,051MhZJL7jgqiA9HMXsgJ0,,,CST,EST,,,I,,,,,,1000,,,,,1900-01-01 6:00:00,1900-01-01 6:00:00,0,,,,,,,1900-01-01 6:00:00,,,,,,,,,,,0,,,,,,,,,0,,,,0,,,,0,,1900-01-01 6:00:00,1900-01-01 6:00:00,,,,,0,0,0,0,0,0,,,FALSE
100,82085500,CA_UNICENTER,1900-01-01 11:19:09,2020-07-30 5:00:00,,3898,1000,Z1,,,2020-08-02 5:00:00,2020-08-02 5:00:00,2020-07-30 5:00:00,2020-08-03 5:00:00,2020-08-02 5:00:00,,DFP,Destination,,1 DAY,,,J,,,,0,M,3894,,,0,0,27949.172,22476.066,LB,2017.832,FT3,28,,1900-01-01 21:00:00,9999,,1,F2,2020-08-05 5:00:00,,1 DAY,,Z10000,,USD,,0,1000,,,USD,1,,CA_UNICENTER,2020-08-06 5:00:00,,,,,,,,1900-01-01 6:00:00,,,,,,,,0,105607419N,,,,1900-01-01 6:00:00,1900-01-01 6:00:00,,2020-07-30 5:00:00,2020-08-05 5:00:00,,,,,,,,,0,,3894,,,1900-01-01 6:00:00,1900-01-01 21:00:00,1900-01-01 21:00:00,1900-01-01 21:00:00,,,,0,0,,4503189727,051MhZJL7kgqoSDdktiGNm,,,CST,CST,,,I,,,,,,1000,,,,,1900-01-01 6:00:00,1900-01-01 6:00:00,0,,,,,,,1900-01-01 6:00:00,,,,,,,,,,,0,,,,,,,,,0,,,,0,,,,0,,1900-01-01 6:00:00,1900-01-01 6:00:00,,,,,0,0,0,0,0,0,,,FALSE
100,82085522,CA_UNICENTER,1900-01-01 11:20:43,2020-07-30 5:00:00,,4254,1000,Z1,,,2020-08-03 5:00:00,2020-08-03 5:00:00,2020-07-30 5:00:00,2020-08-03 5:00:00,2020-08-03 5:00:00,,DFP,Destination,,0 DAY,,,J,,,,0,M,3881,,,0,0,50359.768,41143.75,LB,1609.554,FT3,27,,1900-01-01 21:00:00,9999,,1,F2,2020-08-07 5:00:00,,0 DAY,,Z10000,,USD,,0,1000,,,USD,1,,ZRS3034,2020-08-07 5:00:00,150,,,,,,,1900-01-01 6:00:00,,,,,,,,0,,,,,1900-01-01 6:00:00,1900-01-01 6:00:00,,2020-07-30 5:00:00,2020-08-07 5:00:00,,,,,,,,,0,,3881,,,1900-01-01 21:00:00,1900-01-01 21:00:00,1900-01-01 21:00:00,1900-01-01 21:00:00,D10,,,0,0,,4503190666,051MhZJL7kgqoSgiOLcGOW,,,MST,CST,,,I,,,,,,,,,,,1900-01-01 6:00:00,1900-01-01 6:00:00,0,,,,,,,1900-01-01 6:00:00,,,,,,,,,,,0,,,,,,,,,0,,,,0,,,,0,,1900-01-01 6:00:00,1900-01-01 6:00:00,,,,,0,0,0,0,0,0,,,FALSE
100,82085562,CA_UNICENTER,1900-01-01 11:21:11,2020-07-30 5:00:00,,5014,1000,Z1,,,2020-08-03 5:00:00,2020-08-03 5:00:00,2020-07-30 5:00:00,2020-08-04 5:00:00,2020-08-03 5:00:00,,DFP,Destination,,177800,,,J,,,,0,M,3894,,,0,0,43655.052,37110,LB,2149.47,FT3,57,,1900-01-01 21:00:00,9999,,1,F2,2020-08-04 5:00:00,,177800,,Z10000,,USD,,0,1000,,,USD,1,,CA_UNICENTER,2020-08-05 5:00:00,103,,,,,,,1900-01-01 6:00:00,,,,,,,,0,,,,,1900-01-01 6:00:00,1900-01-01 6:00:00,,2020-07-30 5:00:00,2020-08-04 5:00:00,,,,,,,,,0,,3894,,,1900-01-01 6:00:00,1900-01-01 20:59:58,1900-01-01 21:00:00,1900-01-01 21:00:00,101,ST101,,0,0,,4503190299,051MhZJL7kgqoSpyCp6mOW,,,CST,CST,,,I,,,,,,1000,,,,,1900-01-01 6:00:00,1900-01-01 6:00:00,0,,,,,,,1900-01-01 6:00:00,,,,,,,,,,,0,,,,,,,,,0,,,,0,,,,0,,1900-01-01 6:00:00,1900-01-01 6:00:00,,,,,0,0,0,0,0,0,,,FALSE
100,82085585,ZPD0104,1900-01-01 17:39:17,2020-07-30 5:00:00,,4561,1000,Z6,,,2020-07-31 5:00:00,2020-07-31 5:00:00,2020-07-30 5:00:00,2020-08-01 5:00:00,2020-07-31 5:00:00,,DFP,DESTINATION,,999971,,,J,,,,0,ZZ,4607,,,0,0,42426.16,37681,LB,383.88,FT3,28,,1900-01-01 6:00:00,9999,,1,F2,2020-08-01 5:00:00,,999971,,Z10000,,USD,,0,1000,,,USD,1,,CA_UNICENTER,2020-08-01 5:00:00,140,,,,,,,1900-01-01 6:00:00,,,,,,,,0,,,,,1900-01-01 6:00:00,1900-01-01 6:00:00,,2020-07-30 5:00:00,2020-08-01 5:00:00,,,,,,,,,0,,4607,,,1900-01-01 6:00:00,1900-01-01 6:00:00,1900-01-01 6:00:00,1900-01-01 6:00:00,S14,,,0,0,,4503192239,051MhZJL7jgqq6R8Xs9Az0,,,EST,EST,,,I,,VL10X,,,,1000,,,,,1900-01-01 6:00:00,1900-01-01 6:00:00,0,,,,,,,1900-01-01 6:00:00,,,,,,,,,,,0,,,,,,,,,0,,,,0,,,,0,,1900-01-01 6:00:00,1900-01-01 6:00:00,,,,,0,0,0,0,0,0,,,FALSE
100,82085603,CA_UNICENTER,1900-01-01 11:20:50,2020-07-28 5:00:00,,4239,1000,Z1,,,2020-07-30 5:00:00,2020-07-30 5:00:00,2020-07-28 5:00:00,2020-08-02 5:00:00,2020-07-30 5:00:00,,DFP,Destination,,3 DAY,,,J,,,,0,M,4269,,,0,0,43707.6,38643.75,LB,2518.182,FT3,27,,1900-01-01 21:00:00,9999,,1,F2,2020-07-30 5:00:00,,3 DAY,,Z10000,,USD,,0,1000,,,USD,1,,CA_UNICENTER,2020-08-03 5:00:00,,,,,,,,1900-01-01 6:00:00,,,,,,,,0,03491001055935896,,,,1900-01-01 6:00:00,1900-01-01 6:00:00,,2020-07-28 5:00:00,2020-07-30 5:00:00,,,,,,,,,0,,4269,,,1900-01-01 20:00:00,1900-01-01 20:00:00,1900-01-01 20:00:00,1900-01-01 20:00:00,,,,0,0,,4503186831,051MhZJK7jgqbu1RE9XVVG,,,MST,EST,,,I,,,,,,,,,,,1900-01-01 6:00:00,1900-01-01 6:00:00,0,,,,,,,1900-01-01 6:00:00,,,,,,,,,,,0,,,,,,,,,0,,,,0,,,,0,,1900-01-01 6:00:00,1900-01-01 6:00:00,,,,,0,0,0,0,0,0,,,FALSE
100,82085647,CA_UNICENTER,1900-01-01 21:19:01,2020-07-28 5:00:00,,5273,1000,NL,,,2020-07-30 5:00:00,2020-07-30 5:00:00,2020-07-29 5:00:00,2020-08-01 5:00:00,2020-07-30 5:00:00,,DFP,Destination,,143687,,,J,,,,0,M,5446,,,0,0,42500,42500,LB,892.4,IN3,17,,1900-01-01 6:00:00,9999,,1,F2,2020-08-06 5:00:00,,143687,,Z10000,,USD,,0,1000,,,USD,1,,ZTA0120,2020-08-06 5:00:00,,,,,,,,1900-01-01 6:00:00,,,,,,,,0,,,,,1900-01-01 6:00:00,1900-01-01 6:00:00,,2020-07-28 5:00:00,2020-08-06 5:00:00,,,,,,,,,0,,5446,,,1900-01-01 6:00:00,1900-01-01 6:00:00,1900-01-01 6:00:00,1900-01-01 6:00:00,,,,0,0,,3355781,051MhZJK7jgqeV9pQLWfTm,,YMIGDLV,EST,CST,,,I,,,,,,1000,,,,,1900-01-01 6:00:00,1900-01-01 6:00:00,0,,,,,,,1900-01-01 6:00:00,,,,,,,,,,,0,,,,,,,,,0,,,,0,,,,0,,1900-01-01 6:00:00,1900-01-01 6:00:00,,,,,0,0,0,0,0,0,,,FALSE
100,82085673,CA_UNICENTER,1900-01-01 11:19:04,2020-07-29 5:00:00,,2501,1000,Z1,,,2020-07-31 5:00:00,2020-07-31 5:00:00,2020-07-29 5:00:00,2020-08-01 5:00:00,2020-07-31 5:00:00,,DFP,Destination,,1 DAY,,,J,,,,0,M,3880,,,0,0,15199.298,13280.678,LB,3211.297,FT3,59,,1900-01-01 21:00:00,9999,,1,F2,2020-07-31 5:00:00,,1 DAY,,Z10000,,USD,,0,1000,,,USD,1,,ZRS3083,2020-07-31 5:00:00,142,,,,,,,1900-01-01 6:00:00,,,,,,,,0,,,,,1900-01-01 6:00:00,1900-01-01 6:00:00,,2020-07-29 5:00:00,2020-07-31 5:00:00,,,,,,,,,0,,3880,,,1900-01-01 21:00:00,1900-01-01 21:00:00,1900-01-01 21:00:00,1900-01-01 21:00:00,W03,STGW01,,0,0,,4503188819,051MhZJK7jgqi9s}6{UYh0,,,CST,CST,,,I,,,,,,1000,,,,,1900-01-01 6:00:00,1900-01-01 6:00:00,0,,,,,,,1900-01-01 6:00:00,,,,,,,,,,,0,,,,,,,,,0,,,,0,,,,0,,1900-01-01 6:00:00,1900-01-01 6:00:00,,,,,0,0,0,0,0,0,,,FALSE
100,82085912,CA_UNICENTER,1900-01-01 11:20:56,2020-07-30 5:00:00,,4281,1000,Z1,,,2020-08-01 5:00:00,2020-08-01 5:00:00,2020-07-30 5:00:00,2020-08-03 5:00:00,2020-08-01 5:00:00,,DFP,Destination,,2 DAY,,,J,,,,0,M,2100,,,0,0,43596,29772,LB,897.84,FT3,18,,1900-01-01 21:00:00,9999,,1,F2,2020-08-01 5:00:00,,2 DAY,,Z10000,,USD,,0,1000,,,USD,1,,ZLM3072,2020-08-08 5:00:00,,,,,,,,1900-01-01 6:00:00,,,,,,,,0,105598467N,,,,1900-01-01 6:00:00,1900-01-01 6:00:00,,2020-07-30 5:00:00,2020-08-01 5:00:00,,,,,,,,,0,,2100,,,1900-01-01 21:00:00,1900-01-01 21:00:00,1900-01-01 21:00:00,1900-01-01 21:00:00,,,,0,0,,4503184789,051MhZJK7kgqoSjhlB16xG,,,EST,EST,,,I,,,,,,,,,,,1900-01-01 6:00:00,1900-01-01 6:00:00,0,,,,,,,1900-01-01 6:00:00,,,,,,,,,,,0,,,,,,,,,0,,,,0,,,,0,,1900-01-01 6:00:00,1900-01-01 6:00:00,,,,,0,0,0,0,0,0,,,FALSE
100,82085991,CA_UNICENTER,1900-01-01 11:20:49,2020-07-31 5:00:00,,4760,1000,Z1,,,2020-08-04 5:00:00,2020-08-04 5:00:00,2020-07-31 5:00:00,2020-08-05 5:00:00,2020-08-04 5:00:00,,DFP,Destination,,1 DAY,,,J,,,,0,M,3881,,,0,0,22500,18000,LB,1297.5,FT3,30,,1900-01-01 21:00:00,9999,,1,F2,2020-08-06 5:00:00,,1 DAY,,Z10000,,USD,,0,1000,,,USD,1,,Q008454,2020-08-06 5:00:00,,,,,,,,1900-01-01 6:00:00,,,,,,,,0,,,,,1900-01-01 6:00:00,1900-01-01 6:00:00,,2020-07-31 5:00:00,2020-08-06 5:00:00,,,,,,,,,0,,3881,,,1900-01-01 21:00:00,1900-01-01 21:00:00,1900-01-01 21:00:00,1900-01-01 21:00:00,,,,0,0,,4503190518,051MhZJK7jgqul0YsrpZrG,,,CST,CST,,,I,,,,,,,,,,,1900-01-01 6:00:00,1900-01-01 6:00:00,0,,,,,,,1900-01-01 6:00:00,,,,,,,,,,,0,,,,,,,,,0,,,,0,,,,0,,1900-01-01 6:00:00,1900-01-01 6:00:00,,,,,0,0,0,0,0,0,,,FALSE
100,82086009,ZJR0346,1900-01-01 12:17:57,2020-08-01 5:00:00,,5009,1000,Z1,,,2020-08-03 5:00:00,2020-08-03 5:00:00,2020-08-01 5:00:00,2020-08-04 5:00:00,2020-08-03 5:00:00,,DFP,Destination,,201747,,,J,,,,0,M,3898,,,0,0,41398.44,31995,LB,2703.125,FT3,60,,1900-01-01 21:00:00,9999,,1,F2,2020-08-03 5:00:00,,201747,,Z10000,,USD,,0,1000,,,USD,1,,CA_UNICENTER,2020-08-04 5:00:00,117,,,,,,,1900-01-01 6:00:00,,,,,,,,0,,,,,1900-01-01 6:00:00,1900-01-01 6:00:00,,2020-08-01 5:00:00,2020-08-03 5:00:00,,,,,,,,,0,,3898,,,1900-01-01 21:00:00,1900-01-01 20:59:58,1900-01-01 21:00:00,1900-01-01 21:00:00,MD3,,,0,0,,4503188909,051MhZJK7jgq}HJxSDWVqW,,,CST,CST,,,I,,VL10X,,,,,,,,,1900-01-01 6:00:00,1900-01-01 6:00:00,0,,,,,,,1900-01-01 6:00:00,,,,,,,,,,,0,,,,,,,,,0,,,,0,,,,0,,1900-01-01 6:00:00,1900-01-01 6:00:00,,,,,0,0,0,0,0,0,,,FALSE
100,82086076,CA_UNICENTER,1900-01-01 23:43:12,2020-08-02 5:00:00,,4238,1000,Z1,,,2020-08-06 5:00:00,2020-08-06 5:00:00,2020-08-04 5:00:00,2020-08-07 5:00:00,2020-08-06 5:00:00,,DFP,Destination,,217140,,,J,,,,0,M,5140,,,0,0,35125.869,25515.78,LB,2801.751,FT3,60,,1900-01-01 21:00:00,9999,,1,F2,2020-08-05 5:00:00,,217140,,Z10000,,USD,,0,1000,,,USD,1,,CA_UNICENTER,2020-08-07 5:00:00,,,,,,,,1900-01-01 6:00:00,,,,,,,,0,03491001056226238,,,,1900-01-01 6:00:00,1900-01-01 6:00:00,,2020-08-02 5:00:00,2020-08-05 5:00:00,,,,,,,,,0,,5140,,,1900-01-01 21:00:00,1900-01-01 21:00:00,1900-01-01 21:00:00,1900-01-01 21:00:00,,,,0,0,,4503192660,051MhZJK7kgreZ5wupEw8m,,,EST,CST,,,I,,,,,,,,,,,1900-01-01 6:00:00,1900-01-01 6:00:00,0,,,,,,,1900-01-01 6:00:00,,,,,,,,,,,0,,,,,,,,,0,,,,0,,,,0,,1900-01-01 6:00:00,1900-01-01 6:00:00,,,,,0,0,0,0,0,0,,,FALSE
100,82086153,ZMD0095,1900-01-01 12:53:53,2020-07-29 5:00:00,,2105,1000,ZUB,,,2020-08-05 5:00:00,2020-08-05 5:00:00,2020-08-03 5:00:00,2020-08-06 5:00:00,2020-08-05 5:00:00,,DFP,Destination,,1 DAY,,,J,,,,0,ZZ,5291,,,0,0,39449.928,0,LB,1844976,IN3,22,,1900-01-01 21:00:00,9999,,1,F2,2020-08-03 5:00:00,,1 DAY,,Z10000,,USD,,0,1000,,,USD,1,,Q001043,2020-08-04 5:00:00,109,,,,,,,1900-01-01 6:00:00,,,,,,,,0,,,,,1900-01-01 6:00:00,1900-01-01 6:00:00,,2020-07-29 5:00:00,2020-08-03 5:00:00,,,,,,,,,0,,5291,,,1900-01-01 6:00:00,1900-01-01 6:00:00,1900-01-01 6:00:00,1900-01-01 6:00:00,S04,SS04,,0,0,,3356062,051MhZJO7kgqiaM1pNOl8G,,,PST,PST,,,I,,VL10X,,,,1000,,,,,1900-01-01 6:00:00,1900-01-01 6:00:00,0,,,,,,,1900-01-01 6:00:00,,,,,,,,,,,0,,,,,,,,,0,,,,0,,,,0,,1900-01-01 6:00:00,1900-01-01 6:00:00,,,,,0,0,0,0,0,0,,,FALSE
100,82086175,ZMD0095,1900-01-01 12:54:28,2020-07-29 5:00:00,,2105,1000,ZUB,,,2020-08-04 5:00:00,2020-08-04 5:00:00,2020-08-02 5:00:00,2020-08-05 5:00:00,2020-08-04 5:00:00,,DFP,Destination,,1 DAY,,,J,,,,0,ZZ,5291,,,0,0,39449.928,0,LB,1844976,IN3,22,,1900-01-01 21:00:00,9999,,1,F2,2020-07-31 5:00:00,,1 DAY,,Z10000,,USD,,0,1000,,,USD,1,,Q001043,2020-08-03 5:00:00,109,,,,,,,1900-01-01 6:00:00,,,,,,,,0,,,,,1900-01-01 6:00:00,1900-01-01 6:00:00,,2020-07-29 5:00:00,2020-07-31 5:00:00,,,,,,,,,0,,5291,,,1900-01-01 6:00:00,1900-01-01 6:00:00,1900-01-01 6:00:00,1900-01-01 6:00:00,S03,SS03,,0,0,,3356084,051MhZJO7kgqiaWx6r2F8W,,,PST,PST,,,I,,VL10X,,,,1000,,,,,1900-01-01 6:00:00,1900-01-01 6:00:00,0,,,,,,,1900-01-01 6:00:00,,,,,,,,,,,0,,,,,,,,,0,,,,0,,,,0,,1900-01-01 6:00:00,1900-01-01 6:00:00,,,,,0,0,0,0,0,0,,,FALSE
100,82086177,ZMD0095,1900-01-01 12:54:28,2020-07-29 5:00:00,,2105,1000,ZUB,,,2020-08-04 5:00:00,2020-08-04 5:00:00,2020-08-02 5:00:00,2020-08-05 5:00:00,2020-08-04 5:00:00,,DFP,Destination,,1 DAY,,,J,,,,0,ZZ,5291,,,0,0,42840,0,LB,1456560,IN3,18,,1900-01-01 21:00:00,9999,,1,F2,2020-07-31 5:00:00,,1 DAY,,Z10000,,USD,,0,1000,,,USD,1,,Q001043,2020-08-03 5:00:00,109,,,,,,,1900-01-01 6:00:00,,,,,,,,0,,,,,1900-01-01 6:00:00,1900-01-01 6:00:00,,2020-07-29 5:00:00,2020-07-31 5:00:00,,,,,,,,,0,,5291,,,1900-01-01 6:00:00,1900-01-01 6:00:00,1900-01-01 6:00:00,1900-01-01 6:00:00,P12,PS12,,0,0,,3356086,051MhZJO7kgqiaWx6r4F8W,,,PST,PST,,,I,,VL10X,,,,1000,,,,,1900-01-01 6:00:00,1900-01-01 6:00:00,0,,,,,,,1900-01-01 6:00:00,,,,,,,,,,,0,,,,,,,,,0,,,,0,,,,0,,1900-01-01 6:00:00,1900-01-01 6:00:00,,,,,0,0,0,0,0,0,,,FALSE
100,82086228,ZDL3030,1900-01-01 20:31:42,2020-07-29 5:00:00,,5014,1000,Z1,,,2020-08-06 5:00:00,2020-08-06 5:00:00,2020-08-05 5:00:00,2020-08-09 5:00:00,2020-08-06 5:00:00,,DFP,Destination,,2 DAY,,,J,,,,0,M,3109,,,0,0,44300.73,38145,LB,2147.76,FT3,57,,1900-01-01 21:00:00,9999,,1,F2,2020-08-06 5:00:00,,2 DAY,,Z10000,,USD,,0,1000,,,USD,1,,CA_UNICENTER,2020-08-09 5:00:00,103,,,,,,,1900-01-01 6:00:00,,,,,,,,0,,,,,1900-01-01 6:00:00,1900-01-01 6:00:00,,2020-07-29 5:00:00,2020-08-06 5:00:00,,,,,,,,,0,,3109,,,1900-01-01 20:00:00,1900-01-01 19:59:00,1900-01-01 20:00:00,1900-01-01 20:00:00,104,ST104,,0,0,,4503191603,051MhZJO7jgqkaHFPepkem,,,CST,EST,,,I,,VL10X,,,,,,,,,1900-01-01 6:00:00,1900-01-01 6:00:00,0,,,,,,,1900-01-01 6:00:00,,,,,,,,,,,0,,,,,,,,,0,,,,0,,,,0,,1900-01-01 6:00:00,1900-01-01 6:00:00,,,,,0,0,0,0,0,0,,,FALSE
100,82086304,ZMA0314,1900-01-01 17:34:18,2020-07-31 5:00:00,,5494,1000,Z6,,,2020-08-04 5:00:00,2020-08-04 5:00:00,2020-07-31 5:00:00,2020-08-05 5:00:00,2020-08-04 5:00:00,,DFP,"FOB Dest, Frt Prepaid",,1 DAY,,,J,,,,0,ZZ,5651,,,0,0,28123.66,23815,LB,1968.55,FT3,28,,1900-01-01 6:00:00,9999,,1,F2,2020-07-31 5:00:00,,1 DAY,,Z10000,,USD,,0,1000,,,USD,1,,CA_UNICENTER,2020-07-31 5:00:00,138,,,,,,,1900-01-01 6:00:00,,,,,,,,0,,,,,1900-01-01 6:00:00,1900-01-01 6:00:00,,2020-07-31 5:00:00,2020-07-31 5:00:00,,,,,,,,,0,,5651,,,1900-01-01 6:00:00,1900-01-01 6:00:00,1900-01-01 6:00:00,1900-01-01 6:00:00,3,,,0,0,,4503192645,051MhZJO7jgqwNN5wf}C6m,,,CST,CST,,,I,,VL10X,,,,1000,,,,,1900-01-01 6:00:00,1900-01-01 6:00:00,0,,,,,,,1900-01-01 6:00:00,,,,,,,,,,,0,,,,,,,,,0,,,,0,,,,0,,1900-01-01 6:00:00,1900-01-01 6:00:00,,,,,0,0,0,0,0,0,,,FALSE
100,82086352,ZMD0095,1900-01-01 13:19:54,2020-08-02 5:00:00,,2105,1000,Z3,,,2020-08-07 5:00:00,2020-08-07 5:00:00,2020-08-05 5:00:00,2020-08-27 5:00:00,2020-08-07 5:00:00,,DFP,Destination,,20 DAY,,,J,,,,0,R,3875,,,0,0,160088.256,138096,LB,3764.16,FT3,72,,1900-01-01 21:00:00,9999,,1,F2,2020-08-05 5:00:00,,20 DAY,,Z10000,,USD,,0,1000,,,USD,1,,YGC0025,2020-08-05 5:00:00,109,,,,,,,1900-01-01 6:00:00,,,,,,,,0,,,,,1900-01-01 6:00:00,1900-01-01 6:00:00,,2020-08-02 5:00:00,2020-08-05 5:00:00,,,,,,,,,0,,3875,,,1900-01-01 18:00:00,1900-01-01 18:00:00,1900-01-01 18:00:00,1900-01-01 18:00:00,R02,RDS2,,0,0,,4503173532,051MhZJO7jgrbqyQXHn4w0,,,PST,EST,,,I,,VL10X,,,,,,,,,1900-01-01 6:00:00,1900-01-01 6:00:00,0,,,,,,,1900-01-01 6:00:00,,,,,,,,,,,0,,,,,,,,,0,,,,0,,,,0,,1900-01-01 6:00:00,1900-01-01 6:00:00,,,,,0,0,0,0,0,0,,,FALSE
100,82086404,CA_UNICENTER,1900-01-01 23:40:57,2020-08-02 5:00:00,,5576,1000,Z1,,,2020-08-04 5:00:00,2020-08-04 5:00:00,2020-08-02 5:00:00,2020-08-07 5:00:00,2020-08-04 5:00:00,,DFP,Destination,,3 DAY,,,J,,,,0,M,5129,,,0,0,10529.12,8364,LB,748,FT3,17,,1900-01-02 0:40:57,9999,,1,F2,2020-08-04 5:00:00,,3 DAY,,Z10000,,USD,,0,1000,,,USD,1,,CA_UNICENTER,2020-08-09 5:00:00,,,,,,,,1900-01-01 6:00:00,,,,,,,,0,,,,,1900-01-01 6:00:00,1900-01-01 6:00:00,,2020-08-02 5:00:00,2020-08-04 5:00:00,,,,,,,,,0,,5129,,,1900-01-01 23:40:57,1900-01-01 23:40:57,1900-01-01 23:40:57,1900-01-01 23:40:57,,,,0,0,,4503181482,051MhZJO7kgreYTgjVKGl0,,,CST,EST,,,I,,,,,,1000,,,,,1900-01-01 6:00:00,1900-01-01 6:00:00,0,,,,,,,1900-01-01 6:00:00,,,,,,,,,,,0,,,,,,,,,0,,,,0,,,,0,,1900-01-01 6:00:00,1900-01-01 6:00:00,,,,,0,0,0,0,0,0,,,FALSE
100,82086474,ZCO3010,1900-01-01 20:06:41,2020-08-03 5:00:00,,5398,1000,Z2,,,2020-08-25 5:00:00,2020-08-25 5:00:00,2020-08-13 5:00:00,2020-09-02 5:00:00,2020-08-25 5:00:00,,DFP,Destination,,9 DAY,,,J,,,,0,X,3926,,,0,0,35531.46,32400,LB,1260.36,FT3,27,,1900-01-01 21:00:00,9999,,1,F2,2020-08-27 5:00:00,,9 DAY,,Z10000,,USD,,0,1000,,,USD,1,,CA_UNICENTER,2020-09-06 5:00:00,,,,,,,,1900-01-01 6:00:00,,,,,,,,0,,,,,1900-01-01 6:00:00,1900-01-01 6:00:00,,2020-08-03 5:00:00,2020-08-27 5:00:00,,,,,,,,,0,,3926,,,1900-01-01 18:00:00,1900-01-01 18:00:00,1900-01-01 18:00:00,1900-01-01 18:00:00,,,,0,0,,4503194024,051MhZJO7jgrjuxNoCm4JW,,,PST,EST,,,I,,VL10X,,,,1000,,,,,1900-01-01 6:00:00,1900-01-01 6:00:00,0,,,,,,,1900-01-01 6:00:00,,,,,,,,,,,0,,,,,,,,,0,,,,0,,,,0,,1900-01-01 6:00:00,1900-01-01 6:00:00,,,,,0,0,0,0,0,0,,,FALSE
100,82086499,CA_UNICENTER,1900-01-01 11:19:04,2020-08-04 5:00:00,,2501,1000,Z1,,,2020-08-06 5:00:00,2020-08-06 5:00:00,2020-08-04 5:00:00,2020-08-07 5:00:00,2020-08-06 5:00:00,,DFP,Destination,,1 DAY,,,J,,,,0,M,3880,,,0,0,13521.58,11600,LB,3155.854,FT3,60,,1900-01-01 21:00:00,9999,,1,F2,2020-08-06 5:00:00,,1 DAY,,Z10000,,USD,,0,1000,,,USD,1,,ZRS3083,2020-08-06 5:00:00,142,,,,,,,1900-01-01 6:00:00,,,,,,,,0,,,,,1900-01-01 6:00:00,1900-01-01 6:00:00,,2020-08-04 5:00:00,2020-08-06 5:00:00,,,,,,,,,0,,3880,,,1900-01-01 6:00:00,1900-01-01 21:00:00,1900-01-01 21:00:00,1900-01-01 21:00:00,W02,STGW05,,0,0,,4503191505,051MhZJO7jgrntrtoAHZNm,,,CST,CST,,,I,,,,,,1000,,,,,1900-01-01 6:00:00,1900-01-01 6:00:00,0,,,,,,,1900-01-01 6:00:00,,,,,,,,,,,0,,,,,,,,,0,,,,0,,,,0,,1900-01-01 6:00:00,1900-01-01 6:00:00,,,,,0,0,0,0,0,0,,,FALSE
100,82086502,CA_UNICENTER,1900-01-01 11:19:04,2020-08-04 5:00:00,,2501,1000,Z1,,,2020-08-06 5:00:00,2020-08-06 5:00:00,2020-08-04 5:00:00,2020-08-07 5:00:00,2020-08-06 5:00:00,,DFP,Destination,,1 DAY,,,J,,,,0,M,3880,,,0,0,12463.26,10061.25,LB,3130.191,FT3,59,,1900-01-01 21:00:00,9999,,1,F2,2020-08-05 5:00:00,,1 DAY,,Z10000,,USD,,0,1000,,,USD,1,,ZRS3083,2020-08-05 5:00:00,142,,,,,,,1900-01-01 6:00:00,,,,,,,,0,,,,,1900-01-01 6:00:00,1900-01-01 6:00:00,,2020-08-04 5:00:00,2020-08-05 5:00:00,,,,,,,,,0,,3880,,,1900-01-01 21:00:00,1900-01-01 21:00:00,1900-01-01 21:00:00,1900-01-01 21:00:00,W02,STGW03,,0,0,,4503191519,051MhZJO7jgrntrtoAMZNm,,,CST,CST,,,I,,,,,,1000,,,,,1900-01-01 6:00:00,1900-01-01 6:00:00,0,,,,,,,1900-01-01 6:00:00,,,,,,,,,,,0,,,,,,,,,0,,,,0,,,,0,,1900-01-01 6:00:00,1900-01-01 6:00:00,,,,,0,0,0,0,0,0,,,FALSE
100,82086503,CA_UNICENTER,1900-01-01 11:19:04,2020-08-04 5:00:00,,2501,1000,Z1,,,2020-08-06 5:00:00,2020-08-06 5:00:00,2020-08-04 5:00:00,2020-08-07 5:00:00,2020-08-06 5:00:00,,DFP,Destination,,1 DAY,,,J,,,,0,M,3880,,,0,0,10353,8289.75,LB,2953.791,FT3,59,,1900-01-01 21:00:00,9999,,1,F2,2020-08-06 5:00:00,,1 DAY,,Z10000,,USD,,0,1000,,,USD,1,,ZRS3083,2020-08-06 5:00:00,142,,,,,,,1900-01-01 6:00:00,,,,,,,,0,,,,,1900-01-01 6:00:00,1900-01-01 6:00:00,,2020-08-04 5:00:00,2020-08-06 5:00:00,,,,,,,,,0,,3880,,,1900-01-01 21:00:00,1900-01-01 21:00:00,1900-01-01 21:00:00,1900-01-01 21:00:00,W03,STGW03,,0,0,,4503191524,051MhZJO7jgrntsL10XZNm,,,CST,CST,,,I,,,,,,1000,,,,,1900-01-01 6:00:00,1900-01-01 6:00:00,0,,,,,,,1900-01-01 6:00:00,,,,,,,,,,,0,,,,,,,,,0,,,,0,,,,0,,1900-01-01 6:00:00,1900-01-01 6:00:00,,,,,0,0,0,0,0,0,,,FALSE
100,82086506,CA_UNICENTER,1900-01-01 11:19:04,2020-08-04 5:00:00,,2501,1000,Z1,,,2020-08-06 5:00:00,2020-08-06 5:00:00,2020-08-04 5:00:00,2020-08-07 5:00:00,2020-08-06 5:00:00,,DFP,Destination,,1 DAY,,,J,,,,0,M,3880,,,0,0,10500,8400,LB,3004.8,FT3,60,,1900-01-01 21:00:00,9999,,1,F2,2020-08-06 5:00:00,,1 DAY,,Z10000,,USD,,0,1000,,,USD,1,,ZRS3083,2020-08-06 5:00:00,142,,,,,,,1900-01-01 6:00:00,,,,,,,,0,,,,,1900-01-01 6:00:00,1900-01-01 6:00:00,,2020-08-04 5:00:00,2020-08-06 5:00:00,,,,,,,,,0,,3880,,,1900-01-01 21:00:00,1900-01-01 21:00:00,1900-01-01 21:00:00,1900-01-01 21:00:00,W02,STGW03,,0,0,,4503191527,051MhZJO7jgrntsL10cZNm,,,CST,CST,,,I,,,,,,1000,,,,,1900-01-01 6:00:00,1900-01-01 6:00:00,0,,,,,,,1900-01-01 6:00:00,,,,,,,,,,,0,,,,,,,,,0,,,,0,,,,0,,1900-01-01 6:00:00,1900-01-01 6:00:00,,,,,0,0,0,0,0,0,,,FALSE
100,82086568,CA_UNICENTER,1900-01-01 11:21:19,2020-08-04 5:00:00,,5660,1000,Z2,,,2020-08-06 5:00:00,2020-08-06 5:00:00,2020-08-04 5:00:00,2020-08-11 5:00:00,2020-08-06 5:00:00,,DFP,Destination,,5 DAY,,,J,,,,0,X,3878,,,0,0,39674.55,36948.75,LB,1095,FT3,22,,1900-01-01 21:00:00,9999,,1,F2,2020-08-06 5:00:00,,5 DAY,,Z10000,,USD,,0,1000,,,USD,1,,ZLT3004,2020-08-16 5:00:00,,,,,,,,1900-01-01 6:00:00,,,,,,,,0,,,,,1900-01-01 6:00:00,1900-01-01 6:00:00,,2020-08-04 5:00:00,2020-08-06 5:00:00,,,,,,,,,0,,3878,,,1900-01-01 23:00:00,1900-01-01 23:00:00,1900-01-01 23:00:00,1900-01-01 23:00:00,,,,0,0,,4503192466,051MhZJO7jgrnuUH56a3nW,,,CST,PST,,,I,,,,,,,,,,,1900-01-01 6:00:00,1900-01-01 6:00:00,0,,,,,,,1900-01-01 6:00:00,,,,,,,,,,,0,,,,,,,,,0,,,,0,,,,0,,1900-01-01 6:00:00,1900-01-01 6:00:00,,,,,0,0,0,0,0,0,,,FALSE
100,82086804,ZCM0124,1900-01-01 16:20:11,2020-07-30 5:00:00,,2163,1000,NL,,,2020-08-19 5:00:00,2020-08-19 5:00:00,2020-08-14 5:00:00,2020-08-20 5:00:00,2020-08-19 5:00:00,,DFP,"FOB Dest, Frt Prepaid",,1 DAY,,,J,,,,0,M,2501,,,0,0,43130,43130,LB,57.532,FT3,0,,1900-01-01 6:00:00,9999,,1,F2,2020-08-19 5:00:00,,1 DAY,,Z10000,,USD,,0,1000,,,USD,1,,ZLH0067,2020-08-19 5:00:00,118,,,,,,,1900-01-01 6:00:00,,,,,,,,0,,,,,1900-01-01 6:00:00,1900-01-01 6:00:00,,2020-07-30 5:00:00,2020-08-19 5:00:00,,,,,,,,,0,,2501,,,1900-01-01 6:00:00,1900-01-02 5:59:57,1900-01-01 6:00:00,1900-01-01 6:00:00,,B01,,0,0,,3357284,051MhZJM7jgqpmKR7sFZ}0,,YMIGDLV,CST,CST,,,I,,VL10X,,,,1000,,,,,1900-01-01 6:00:00,1900-01-01 6:00:00,0,,,,,,,1900-01-01 6:00:00,,,,,,,,,,,0,,,,,,,,,0,,,,0,,,,0,,1900-01-01 6:00:00,1900-01-01 6:00:00,,,,,0,0,0,0,0,0,,,FALSE
100,82086845,ZTS0176,1900-01-01 19:20:27,2020-07-30 5:00:00,,2119,1000,Z1,,,2020-08-04 5:00:00,2020-08-04 5:00:00,2020-07-31 5:00:00,2020-08-06 5:00:00,2020-08-04 5:00:00,,DFP,Destination,,2 DAY,,,J,,,,0,M,3876,,,0,0,44447.122,39214.5,LB,2119.594,FT3,56,,1900-01-01 21:00:00,9999,,1,F2,2020-08-03 5:00:00,,2 DAY,,Z10000,,USD,,0,1000,,,USD,1,,ZTS0176,2020-08-03 5:00:00,102,,,,,,,1900-01-01 6:00:00,,,,,,,,0,,,,,1900-01-01 6:00:00,1900-01-01 6:00:00,,2020-07-30 5:00:00,2020-08-03 5:00:00,,,,,,,,,0,,3876,,,1900-01-01 21:00:00,1900-01-01 20:59:58,1900-01-01 21:00:00,1900-01-01 21:00:00,D02,,,0,0,,4503191458,051MhZJM7jgqqYiCkleFIG,,,CST,CST,,,I,,VL10X,,,,,,,,,1900-01-01 6:00:00,1900-01-01 6:00:00,0,,,,,,,1900-01-01 6:00:00,,,,,,,,,,,0,,,,,,,,,0,,,,0,,,,0,,1900-01-01 6:00:00,1900-01-01 6:00:00,,,,,0,0,0,0,0,0,,,FALSE
100,82086915,ZTS0176,1900-01-01 19:24:23,2020-07-30 5:00:00,,2103,1000,Z1,,,2020-08-04 5:00:00,2020-08-04 5:00:00,2020-07-31 5:00:00,2020-08-05 5:00:00,2020-08-04 5:00:00,,DFP,Destination,,1 DAY,,,J,,,,0,M,3880,,,0,0,42796.8,37440,LB,2039.04,FT3,60,,1900-01-01 21:00:00,9999,,1,F2,2020-08-04 5:00:00,,1 DAY,,Z10000,,USD,,0,1000,,,USD,1,,YJW0020,2020-08-04 5:00:00,107,,,,,,,1900-01-01 6:00:00,,,,,,,,0,,,,,1900-01-01 6:00:00,1900-01-01 6:00:00,,2020-07-30 5:00:00,2020-08-04 5:00:00,,,,,,,,,0,,3880,,,1900-01-01 21:00:00,1900-01-01 20:59:58,1900-01-01 21:00:00,1900-01-01 21:00:00,W18,,,0,0,,4503192166,051MhZJM7jgqqZp2dGPFb0,,,CST,CST,,,I,,VL10X,,,,1000,,,,,1900-01-01 6:00:00,1900-01-01 6:00:00,0,,,,,,,1900-01-01 6:00:00,,,,,,,,,,,0,,,,,,,,,0,,,,0,,,,0,,1900-01-01 6:00:00,1900-01-01 6:00:00,,,,,0,0,0,0,0,0,,,FALSE
100,82086966,CA_UNICENTER,1900-01-01 11:19:02,2020-07-31 5:00:00,,2247,1000,Z1,,,2020-08-04 5:00:00,2020-08-04 5:00:00,2020-07-31 5:00:00,2020-08-05 5:00:00,2020-08-04 5:00:00,,DFP,"FOB Dest, Frt Prepaid",,1 DAY,,,J,,,,0,M,5615,,,0,0,43180.892,41080,LB,947.742,FT3,22,,1900-01-01 21:00:00,9999,,1,F2,2020-08-05 5:00:00,,1 DAY,,Z10000,,USD,,0,1000,,,USD,1,,CA_UNICENTER,2020-08-08 5:00:00,105,,,,,,,1900-01-01 6:00:00,,,,,,,,0,,,,,1900-01-01 6:00:00,1900-01-01 6:00:00,,2020-07-31 5:00:00,2020-08-05 5:00:00,,,,,,,,,0,,5615,,,1900-01-01 21:00:00,1900-01-01 20:59:58,1900-01-01 21:00:00,1900-01-01 21:00:00,D39,SD39,,0,0,,4503185916,051MhZJM7jgqukWu6w7krG,,,EST,EST,,,I,,,,,,1000,,,,,1900-01-01 6:00:00,1900-01-01 6:00:00,0,,,,,,,1900-01-01 6:00:00,,,,,,,,,,,0,,,,,,,,,0,,,,0,,,,0,,1900-01-01 6:00:00,1900-01-01 6:00:00,,,,,0,0,0,0,0,0,,,FALSE
100,82086995,CA_UNICENTER,1900-01-01 11:19:09,2020-07-31 5:00:00,,3880,1000,Z1,,,2020-08-02 5:00:00,2020-08-02 5:00:00,2020-07-31 5:00:00,2020-08-03 5:00:00,2020-08-02 5:00:00,,DFP,Destination,,1 DAY,,,J,,,,0,M,3876,,,0,0,14300.366,11476.22,LB,2855.774,FT3,66,,1900-01-01 21:00:00,9999,,1,F2,2020-08-06 5:00:00,,1 DAY,,Z10000,,USD,,0,1000,,,USD,1,,CA_UNICENTER,2020-08-06 5:00:00,,,,,,,,1900-01-01 6:00:00,,,,,,,,0,4503189956,,,,1900-01-01 6:00:00,1900-01-01 6:00:00,,2020-07-31 5:00:00,2020-08-06 5:00:00,,,,,,,,,0,,3876,,,1900-01-01 21:00:00,1900-01-01 20:59:58,1900-01-01 21:00:00,1900-01-01 21:00:00,,,,0,0,,4503189956,051MhZJM7jgqukZJJZjkrG,,,CST,CST,,,I,,,,,,,,,,,1900-01-01 6:00:00,1900-01-01 6:00:00,0,,,,,,,1900-01-01 6:00:00,,,,,,,,,,,0,,,,,,,,,0,,,,0,,,,0,,1900-01-01 6:00:00,1900-01-01 6:00:00,,,,,0,0,0,0,0,0,,,FALSE
100,82087022,CA_UNICENTER,1900-01-01 11:20:15,2020-07-31 5:00:00,,3970,1000,Z1,,,2020-08-03 5:00:00,2020-08-03 5:00:00,2020-07-31 5:00:00,2020-08-05 5:00:00,2020-08-03 5:00:00,,DFP,Destination,,2 DAY,,,J,,,,0,M,5163,,,0,0,23668.5,21189.5,LB,2029.916,FT3,30,,1900-01-01 21:00:00,9999,,1,F2,2020-08-03 5:00:00,,2 DAY,,Z10000,,USD,,0,1000,,,USD,1,,CA_UNICENTER,2020-08-05 5:00:00,,,,,,,,1900-01-01 6:00:00,,,,,,,,0,105606823N,,,,1900-01-01 6:00:00,1900-01-01 6:00:00,,2020-07-31 5:00:00,2020-08-03 5:00:00,,,,,,,,,0,,5163,,,1900-01-01 6:00:00,1900-01-01 6:00:00,1900-01-01 6:00:00,1900-01-01 6:00:00,,,,0,0,,4503190098,051MhZJM7jgquksWMkREvm,,,MST,PST,,,I,,,,,,,,,,,1900-01-01 6:00:00,1900-01-01 6:00:00,0,,,,,,,1900-01-01 6:00:00,,,,,,,,,,,0,,,,,,,,,0,,,,0,,,,0,,1900-01-01 6:00:00,1900-01-01 6:00:00,,,,,0,0,0,0,0,0,,,FALSE
100,82087106,CA_UNICENTER,1900-01-01 11:19:01,2020-07-29 5:00:00,,2102,1000,Z1,,,2020-07-31 5:00:00,2020-07-31 5:00:00,2020-07-29 5:00:00,2020-07-31 5:00:00,2020-07-31 5:00:00,,DFP,Destination,,0 DAY,,,J,,,,0,M,3876,,,0,0,44689.602,37657.324,LB,1013.967,FT3,21,,1900-01-01 21:00:00,9999,,1,F2,2020-08-06 5:00:00,,0 DAY,,Z10000,,USD,,0,1000,,,USD,1,,ZRC0467,2020-08-06 5:00:00,108,,,,,,,1900-01-01 6:00:00,,,,,,,,0,,,,,1900-01-01 6:00:00,1900-01-01 6:00:00,,2020-07-29 5:00:00,2020-08-06 5:00:00,,,,,,,,,0,,3876,,,1900-01-01 6:00:00,1900-01-01 22:00:00,1900-01-01 22:00:00,1900-01-01 22:00:00,W14,STAGE14F,,0,0,,4503178891,051MhZJ{7jgqi9sF5QUxz0,,,EST,CST,,,I,,,,,,,,,,,1900-01-01 6:00:00,1900-01-01 6:00:00,0,,,,,,,1900-01-01 6:00:00,,,,,,,,,,,0,,,,,,,,,0,,,,0,,,,0,,1900-01-01 6:00:00,1900-01-01 6:00:00,,,,,0,0,0,0,0,0,,,FALSE
100,82087237,CA_UNICENTER,1900-01-01 11:19:02,2020-07-30 5:00:00,,2247,1000,Z1,,,2020-08-10 5:00:00,2020-08-10 5:00:00,2020-07-30 5:00:00,2020-08-12 5:00:00,2020-08-10 5:00:00,,DFP,Destination,,2 DAY,,,J,,,,0,M,4269,,,0,0,42498.874,32917.25,LB,1835.05,FT3,23,,1900-01-01 21:00:00,9999,,1,F2,2020-08-10 5:00:00,,2 DAY,,Z10000,,USD,,0,1000,,,USD,1,,CA_UNICENTER,2020-08-11 5:00:00,105,,,,,,,1900-01-01 6:00:00,,,,,,,,0,,,,,1900-01-01 6:00:00,1900-01-01 6:00:00,,2020-07-30 5:00:00,2020-08-10 5:00:00,,,,,,,,,0,,4269,,,1900-01-01 21:00:00,1900-01-01 20:59:00,1900-01-01 21:00:00,1900-01-01 21:00:00,D21,SD21,,0,0,,4503189462,051MhZJ{7kgqoSCJHbzqkm,,,EST,EST,,,I,,,,,,,,,,,1900-01-01 6:00:00,1900-01-01 6:00:00,0,,,,,,,1900-01-01 6:00:00,,,,,,,,,,,0,,,,,,,,,0,,,,0,,,,0,,1900-01-01 6:00:00,1900-01-01 6:00:00,,,,,0,0,0,0,0,0,,,FALSE
100,82087409,ZDF3012,1900-01-01 20:00:12,2020-07-31 5:00:00,,4208,1000,Z1,,,2020-08-07 5:00:00,2020-08-07 5:00:00,2020-08-05 5:00:00,2020-08-10 5:00:00,2020-08-07 5:00:00,,DFP,Destination,,1 DAY,,,J,,,,0,M,3881,,,0,0,44677.4,35796.875,LB,1295.343,FT3,29,,1900-01-01 21:00:00,9999,,1,F2,2020-08-07 5:00:00,,1 DAY,,Z10000,,USD,,0,1000,,,USD,1,,CA_UNICENTER,2020-08-07 5:00:00,,,,,,,,1900-01-01 6:00:00,,,,,,,,0,3.491E+15,,,,1900-01-01 6:00:00,1900-01-01 6:00:00,,2020-07-31 5:00:00,2020-08-07 5:00:00,,,,,,,,,0,,3881,,,1900-01-02 5:59:59,1900-01-02 5:59:00,1900-01-02 5:59:00,1900-01-02 5:59:59,,,,0,0,,4503190744,051MhZJ{7kgqx07djzT{t0,,,CST,CST,,,I,,VL10X,,,,,,,,,1900-01-01 6:00:00,1900-01-01 6:00:00,0,,,,,,,1900-01-01 6:00:00,,,,,,,,,,,0,,,,,,,,,0,,,,0,,,,0,,1900-01-01 6:00:00,1900-01-01 6:00:00,,,,,0,0,0,0,0,0,,,FALSE
100,82087413,ZDF3012,1900-01-01 20:00:12,2020-07-31 5:00:00,,4208,1000,Z2,,,2020-08-07 5:00:00,2020-08-07 5:00:00,2020-08-05 5:00:00,2020-08-12 5:00:00,2020-08-07 5:00:00,,DFP,Destination,,4 DAY,,,J,,,,0,X,3926,,,0,0,43799.6,37334,LB,997.56,FT3,17,,1900-01-01 21:00:00,9999,,1,F2,2020-08-07 5:00:00,,4 DAY,,Z10000,,USD,,0,1000,,,USD,1,,CA_UNICENTER,2020-08-12 5:00:00,,,,,,,,1900-01-01 6:00:00,,,,,,,,0,03491001056107681,,,,1900-01-01 6:00:00,1900-01-01 6:00:00,,2020-07-31 5:00:00,2020-08-07 5:00:00,,,,,,,,,0,,3926,,,1900-01-01 20:00:00,1900-01-01 20:00:00,1900-01-01 20:00:00,1900-01-01 20:00:00,,,,0,0,,4503190882,051MhZJ{7kgqx086WqU{t0,,,CST,EST,,,I,,VL10X,,,,1000,,,,,1900-01-01 6:00:00,1900-01-01 6:00:00,0,,,,,,,1900-01-01 6:00:00,,,,,,,,,,,0,,,,,,,,,0,,,,0,,,,0,,1900-01-01 6:00:00,1900-01-01 6:00:00,,,,,0,0,0,0,0,0,,,FALSE
100,82087539,CA_UNICENTER,1900-01-01 11:20:42,2020-08-04 5:00:00,,4254,1000,Z1,,,2020-08-06 5:00:00,2020-08-06 5:00:00,2020-08-04 5:00:00,2020-08-06 5:00:00,2020-08-06 5:00:00,,DFP,Destination,,0 DAY,,,J,,,,0,M,3881,,,0,0,0,0,,0,,30,,1900-01-01 21:00:00,10,,1,F2,2020-08-06 5:00:00,,0 DAY,,Z10000,,USD,,0,1000,,,USD,1,,ZNZ0008,2020-08-06 5:00:00,,,,,,,,1900-01-01 6:00:00,,,,,,,,0,,,,,1900-01-01 6:00:00,1900-01-01 6:00:00,,2020-08-04 5:00:00,1900-01-01 6:00:00,,,,,,,,,0,,3881,,,1900-01-01 21:00:00,1900-01-01 21:00:00,1900-01-01 21:00:00,1900-01-01 21:00:00,,,,0,0,,4503192998,051MhZJ{7jgrnuKRzEmGpG,,,MST,CST,,,I,,,,,,,,,,,1900-01-01 6:00:00,1900-01-01 6:00:00,0,,,,,,,1900-01-01 6:00:00,,,,,,,,,,,0,,,,,,,,,0,,,,0,,,,0,,1900-01-01 6:00:00,1900-01-01 6:00:00,,,,,0,0,0,0,0,0,,,FALSE
100,82087681,CA_UNICENTER,1900-01-01 11:19:01,2020-07-30 5:00:00,,2102,1000,Z1,,,2020-08-03 5:00:00,2020-08-03 5:00:00,2020-07-30 5:00:00,2020-08-05 5:00:00,2020-08-03 5:00:00,,DFP,Destination,,2 DAY,,,J,,,,0,M,3752,,,0,0,43681,38665,LB,1059.3,FT3,22,,1900-01-01 21:00:00,9999,,1,F2,2020-08-03 5:00:00,,2 DAY,,Z10000,,USD,,0,1000,,,USD,1,,ZJW0441,2020-08-03 5:00:00,108,,,,,,,1900-01-01 6:00:00,,,,,,,,0,,,,,1900-01-01 6:00:00,1900-01-01 6:00:00,,2020-07-30 5:00:00,2020-08-03 5:00:00,,,,,,,,,0,,3752,,,1900-01-01 22:00:00,1900-01-01 22:00:00,1900-01-01 22:00:00,1900-01-01 22:00:00,W01,STAGE01F,,0,0,,4503179036,051MhZJQ7jgqoSB6Y{Btqm,,,EST,CST,,,I,,,,,,,,,,,1900-01-01 6:00:00,1900-01-01 6:00:00,0,,,,,,,1900-01-01 6:00:00,,,,,,,,,,,0,,,,,,,,,0,,,,0,,,,0,,1900-01-01 6:00:00,1900-01-01 6:00:00,,,,,0,0,0,0,0,0,,,FALSE
100,82087824,CA_UNICENTER,1900-01-01 11:19:03,2020-08-03 5:00:00,,2247,1000,Z1,,,2020-08-10 5:00:00,2020-08-10 5:00:00,2020-08-03 5:00:00,2020-08-11 5:00:00,2020-08-10 5:00:00,,DFP,"FOB Dest, Frt Prepaid",,1 DAY,,,J,,,,0,M,5615,,,0,0,43244.08,41140,LB,949.08,FT3,22,,1900-01-01 21:00:00,9999,,1,F2,2020-08-12 5:00:00,,1 DAY,,Z10000,,USD,,0,1000,,,USD,1,,CA_UNICENTER,2020-08-15 5:00:00,105,,,,,,,1900-01-01 6:00:00,,,,,,,,0,,,,,1900-01-01 6:00:00,1900-01-01 6:00:00,,2020-08-03 5:00:00,2020-08-12 5:00:00,,,,,,,,,0,,5615,,,1900-01-01 21:00:00,1900-01-01 20:59:00,1900-01-01 21:00:00,1900-01-01 21:00:00,D40,SD40,,0,0,,4503191059,051MhZJQ7jgrhbX901s}0W,,,EST,EST,,,I,,,,,,1000,,,,,1900-01-01 6:00:00,1900-01-01 6:00:00,0,,,,,,,1900-01-01 6:00:00,,,,,,,,,,,0,,,,,,,,,0,,,,0,,,,0,,1900-01-01 6:00:00,1900-01-01 6:00:00,,,,,0,0,0,0,0,0,,,FALSE
100,82087840,CA_UNICENTER,1900-01-01 11:21:29,2020-08-03 5:00:00,,4208,1000,Z2,,,2020-08-05 5:00:00,2020-08-05 5:00:00,2020-08-03 5:00:00,2020-08-12 5:00:00,2020-08-05 5:00:00,,DFP,Destination,,7 DAY,,,J,,,,0,X,3877,,,0,0,40971.48,34050,LB,1124.784,FT3,21,,1900-01-01 21:00:00,9999,,1,F2,2020-08-05 5:00:00,,7 DAY,,Z10000,,USD,,0,1000,,,USD,1,,ZNS0164,2020-08-14 5:00:00,,,,,,,,1900-01-01 6:00:00,,,,,,,,0,03491001056127405,,,,1900-01-01 6:00:00,1900-01-01 6:00:00,,2020-08-03 5:00:00,2020-08-05 5:00:00,,,,,,,,,0,,3877,,,1900-01-01 23:00:00,1900-01-01 23:00:00,1900-01-01 23:00:00,1900-01-01 23:00:00,,,,0,0,,4503191859,051MhZJQ7jgrhcCf6ex}2W,,,CST,PST,,,I,,,,,,,,,,,1900-01-01 6:00:00,1900-01-01 6:00:00,0,,,,,,,1900-01-01 6:00:00,,,,,,,,,,,0,,,,,,,,,0,,,,0,,,,0,,1900-01-01 6:00:00,1900-01-01 6:00:00,,,,,0,0,0,0,0,0,,,FALSE
100,82087898,CA_UNICENTER,1900-01-01 23:44:09,2020-08-04 5:00:00,,4238,1000,Z1,,,2020-08-07 5:00:00,2020-08-07 5:00:00,2020-08-05 5:00:00,2020-08-09 5:00:00,2020-08-07 5:00:00,,DFP,Destination,,217140,,,J,,,,0,M,5140,,,0,0,34344.798,25549.5,LB,2779.014,FT3,60,,1900-01-01 21:00:00,9999,,1,F2,2020-08-06 5:00:00,,217140,,Z10000,,USD,,0,1000,,,USD,1,,CA_UNICENTER,2020-08-09 5:00:00,,,,,,,,1900-01-01 6:00:00,,,,,,,,0,03491001056244997,,,,1900-01-01 6:00:00,1900-01-01 6:00:00,,2020-08-04 5:00:00,2020-08-06 5:00:00,,,,,,,,,0,,5140,,,1900-01-02 4:59:59,1900-01-02 4:59:59,1900-01-02 4:59:59,1900-01-02 4:59:59,,,,0,0,,4503194652,051MhZJQ7kgrr81CaZTPJ0,,,EST,CST,,,I,,,,,,,,,,,1900-01-01 6:00:00,1900-01-01 6:00:00,0,,,,,,,1900-01-01 6:00:00,,,,,,,,,,,0,,,,,,,,,0,,,,0,,,,0,,1900-01-01 6:00:00,1900-01-01 6:00:00,,,,,0,0,0,0,0,0,,,FALSE
100,82087921,CA_UNICENTER,1900-01-01 11:19:01,2020-08-05 5:00:00,,2105,1000,Z2,,,2020-08-07 5:00:00,2020-08-07 5:00:00,2020-08-05 5:00:00,2020-08-14 5:00:00,2020-08-07 5:00:00,,DFP,Destination,,7 DAY,,,J,,,,0,X,3752,,,0,0,41654.08,35530,LB,1064.76,FT3,19,,1900-01-01 21:00:00,9999,,1,F2,2020-08-11 5:00:00,,7 DAY,,Z10000,,USD,,0,1000,,,USD,1,,ZHB0111,2020-08-11 5:00:00,109,,,,,,,1900-01-01 6:00:00,,,,,,,,0,,,,,1900-01-01 6:00:00,1900-01-01 6:00:00,,2020-08-05 5:00:00,2020-08-11 5:00:00,,,,,,,,,0,,3752,,,1900-01-01 19:00:00,1900-01-01 19:00:00,1900-01-01 19:00:00,1900-01-01 19:00:00,S02,SS02,,0,0,,4503170298,051MhZJQ7kgruAAYAbue50,,,PST,CST,,,I,,,,,,,,,,,1900-01-01 6:00:00,1900-01-01 6:00:00,0,,,,,,,1900-01-01 6:00:00,,,,,,,,,,,0,,,,,,,,,0,,,,0,,,,0,,1900-01-01 6:00:00,1900-01-01 6:00:00,,,,,0,0,0,0,0,0,,,FALSE
100,82087989,CA_UNICENTER,1900-01-01 11:21:51,2020-08-05 5:00:00,,5289,1000,Z1,,,2020-08-07 5:00:00,2020-08-07 5:00:00,2020-08-05 5:00:00,2020-08-09 5:00:00,2020-08-07 5:00:00,,DFP,Destination,,2 DAY,,,J,,,,0,M,5140,,,0,0,41881.34,36847.6,LB,1864.876,FT3,41,,1900-01-01 21:00:00,9999,,1,F2,2020-08-11 5:00:00,,2 DAY,,Z10000,,USD,,0,1000,,,USD,1,,CA_UNICENTER,2020-08-11 5:00:00,,,,,,,,1900-01-01 6:00:00,,,,,,,,0,,,,,1900-01-01 6:00:00,1900-01-01 6:00:00,,2020-08-05 5:00:00,2020-08-11 5:00:00,,,,,,,,,0,,5140,,,1900-01-01 21:00:00,1900-01-01 21:00:00,1900-01-01 21:00:00,1900-01-01 21:00:00,,,,0,0,,4503194992,051MhZJQ7kgruAzKEf78NW,,,CST,CST,,,I,,,,,,,,,,,1900-01-01 6:00:00,1900-01-01 6:00:00,0,,,,,,,1900-01-01 6:00:00,,,,,,,,,,,0,,,,,,,,,0,,,,0,,,,0,,1900-01-01 6:00:00,1900-01-01 6:00:00,,,,,0,0,0,0,0,0,,,FALSE
100,82088040,CA_UNICENTER,1900-01-01 11:19:01,2020-08-06 5:00:00,,2102,1000,Z1,,,2020-08-10 5:00:00,2020-08-10 5:00:00,2020-08-06 5:00:00,2020-08-12 5:00:00,2020-08-10 5:00:00,,DFP,Destination,,2 DAY,,,J,,,,0,M,3752,,,0,0,42949.616,37910,LB,942.072,FT3,17,,1900-01-01 21:00:00,9999,,1,F2,2020-08-10 5:00:00,,2 DAY,,Z10000,,USD,,0,1000,,,USD,1,,ZGP0046,2020-08-10 5:00:00,108,,,,,,,1900-01-01 6:00:00,,,,,,,,0,,,,,1900-01-01 6:00:00,1900-01-01 6:00:00,,2020-08-06 5:00:00,2020-08-10 5:00:00,,,,,,,,,0,,3752,,,1900-01-01 22:00:00,1900-01-01 22:00:00,1900-01-01 22:00:00,1900-01-01 22:00:00,W04,STAGE04F,,0,0,,4503186223,051MhZJQ7jgr{SViqbDCyG,,,EST,CST,,,I,,,,,,,,,,,1900-01-01 6:00:00,1900-01-01 6:00:00,0,,,,,,,1900-01-01 6:00:00,,,,,,,,,,,0,,,,,,,,,0,,,,0,,,,0,,1900-01-01 6:00:00,1900-01-01 6:00:00,,,,,0,0,0,0,0,0,,,FALSE